matched_query,Unnamed: 0,hash,failure_invariant
block.timestamp > deadline,223,0xe2a0367f58523fa088c408892bba9f70477ec6e58749eedd07c520229292c76b,if (block.timestamp > deadline) revert TransactionDeadlinePassed();
block.timestamp > deadline,645,0x3ef05dd5242a283abb2a62c62473323df1dfb683c6ce5312955f4b9ff7e8e214,if (block.timestamp > deadline) revert TransactionDeadlinePassed();
block.timestamp > deadline,756,0x9422c8dc8f9ffbb2c4ea1769f231899c1ec059a4a540ef26586bae90406568d2,if (block.timestamp > deadline) revert TransactionDeadlinePassed();
block.timestamp > deadline,1024,0x8fe42032559de42b4106532fb9b9660229c53a809f17c38308cd4174fa38db01,if (block.timestamp > deadline) revert TransactionDeadlinePassed();
block.timestamp > deadline,1037,0xdcdc2cf2881937f3c781ed5438167a5fb84cf7fc2ce1a0b41a44f664ebe3598d,"contract UniversalRouter is RouterImmutables, IUniversalRouter, Dispatcher, RewardsCollector { modifier checkDeadline(uint256 deadline) { if (block.timestamp > deadline) revert TransactionDeadlinePassed();"
block.timestamp > deadline,1177,0x9608c7b476807b6d578ff298d508fce8debd09e26b4b37e70a2a7ef9e4f67725,if (block.timestamp > deadline) revert TransactionDeadlinePassed();
block.timestamp > deadline,1958,0xd0eccfe4d109655ea3792b405a48099d22a84d69578532c23c3a1e1c523d7a36,if (block.timestamp > deadline) revert TransactionDeadlinePassed();
block.timestamp > deadline,2091,0x9dbb9d6e679689b6544ac7e89ea7d405fff38d60ad05f1666a29f9edcdb4b3bf,"contract UniversalRouter is RouterImmutables, IUniversalRouter, Dispatcher, RewardsCollector { modifier checkDeadline(uint256 deadline) { if (block.timestamp > deadline) revert TransactionDeadlinePassed();"
block.timestamp > deadline,2101,0x6b93097638b1add712e748608258341986e7814ab7349c9051aa7fec39cbc4ae,"contract UniversalRouter is RouterImmutables, IUniversalRouter, Dispatcher, RewardsCollector { modifier checkDeadline(uint256 deadline) { if (block.timestamp > deadline) revert TransactionDeadlinePassed();"
block.timestamp > deadline,2136,0x8f2b327ca0aee1dd5a83ec1898ee2f874b6f246e6b12315c4c64f495b4c9b628,if (block.timestamp > deadline) revert TransactionDeadlinePassed();
block.timestamp > deadline,2204,0x8faf094175887175a6f947238faa982e238bfefd8bb4bbb99180bfac649aaec7,if (block.timestamp > deadline) revert TransactionDeadlinePassed();
block.timestamp > deadline,2212,0xd463daffb81ede484d678d4871a865ec525233931b21a6c24fb39c2f86c902bc,if (block.timestamp > deadline) revert TransactionDeadlinePassed();
block.timestamp > deadline,2571,0x63a98075b05ffe6b9dde6b81d1d89115f90a0f5cf884c81c4f21dce829c7efc3,"contract UniversalRouter is RouterImmutables, IUniversalRouter, Dispatcher, RewardsCollector { modifier checkDeadline(uint256 deadline) { if (block.timestamp > deadline) revert TransactionDeadlinePassed();"
block.timestamp > deadline,2582,0xcdd6bd762dd7e5c9fe8d55fee1fb76c0e0eccf84ff3707551ec233da615158dc,"contract UniversalRouter is RouterImmutables, IUniversalRouter, Dispatcher, RewardsCollector { modifier checkDeadline(uint256 deadline) { if (block.timestamp > deadline) revert TransactionDeadlinePassed();"
block.timestamp > deadline,2663,0xfc2be879660d1d8c48e4fcd31e8f147d692caf04d30c9f67f8beced100bd4174,"contract UniversalRouter is RouterImmutables, IUniversalRouter, Dispatcher, RewardsCollector { modifier checkDeadline(uint256 deadline) { if (block.timestamp > deadline) revert TransactionDeadlinePassed();"
block.timestamp > deadline,2674,0x83374560a4df490f8d483b405893c8e14fe335217796c376bedde06a67cd7f25,"contract UniversalRouter is RouterImmutables, IUniversalRouter, Dispatcher, RewardsCollector { modifier checkDeadline(uint256 deadline) { if (block.timestamp > deadline) revert TransactionDeadlinePassed();"
block.timestamp > deadline,2843,0x5b5a1d5e9ff7cc0600743f30fbefe4360da79166cf483efb0ed059516f50d491,"contract UniversalRouter is RouterImmutables, IUniversalRouter, Dispatcher, RewardsCollector { modifier checkDeadline(uint256 deadline) { if (block.timestamp > deadline) revert TransactionDeadlinePassed();"
block.timestamp > deadline,3015,0x1896ae166193a68844886f3bda0e1615d0659eb80dd92085751feff1232ee5fc,"contract UniversalRouter is RouterImmutables, IUniversalRouter, Dispatcher, RewardsCollector { modifier checkDeadline(uint256 deadline) { if (block.timestamp > deadline) revert TransactionDeadlinePassed();"
block.timestamp > deadline,3126,0x0632d5862b5be914ed5e886d97bb7a81cef43f9fd3dd177aadcdebcfc282ce9a,"contract UniversalRouter is RouterImmutables, IUniversalRouter, Dispatcher, RewardsCollector { modifier checkDeadline(uint256 deadline) { if (block.timestamp > deadline) revert TransactionDeadlinePassed();"
block.timestamp > deadline,3134,0xc34a16cc24a3c9acae6e67c7a6c0aa82722a1cdcd02c360984170f026cff8fb9,if (block.timestamp > deadline) revert TransactionDeadlinePassed();
block.timestamp > deadline,3192,0x55c6fa8c6fa911808f6247492832c015bf7aaf95623e77bd17ce7fc435901533,"contract UniversalRouter is RouterImmutables, IUniversalRouter, Dispatcher, RewardsCollector { modifier checkDeadline(uint256 deadline) { if (block.timestamp > deadline) revert TransactionDeadlinePassed();"
block.timestamp > deadline,3208,0xaee29f0f3515eb232a1f3b7daef5130b67aab3a7ae0f58de4a64dd4a2184b956,"contract UniversalRouter is RouterImmutables, IUniversalRouter, Dispatcher, RewardsCollector { modifier checkDeadline(uint256 deadline) { if (block.timestamp > deadline) revert TransactionDeadlinePassed();"
block.timestamp > deadline,3905,0x5fd8f0d853d1b009bd419a7820f0b342925dd0dd82900c441898eedbf8962b2a,if (block.timestamp > deadline) revert TransactionDeadlinePassed();
block.timestamp > deadline,3915,0xece05d90692bac2f210cebd9c04e96633d7b3405635cd2676dd629ee94f296d3,if (block.timestamp > deadline) revert TransactionDeadlinePassed();
block.timestamp > deadline,3948,0x8d0773abcc00e5433f361fbad061e562daf8ecca2294427ebc133e93a9285687,if (block.timestamp > deadline) revert TransactionDeadlinePassed();
block.timestamp > deadline,4045,0x9e0acc0ba3575e03853b78cb14fa49e5bd3b292ecd513fa6b89dac7f26798fc7,if (block.timestamp > deadline) revert TransactionDeadlinePassed();
block.timestamp > deadline,4046,0x9605d26fde66695ec55d7a74b32136083ebd753ffc5c773ef88911dcd7b7a136,if (block.timestamp > deadline) revert TransactionDeadlinePassed();
block.timestamp > deadline,4049,0xddda6a7e4427b37efe3471f070d290f19a648e8e309f424d771c904c4f510b0b,if (block.timestamp > deadline) revert TransactionDeadlinePassed();
block.timestamp > deadline,4071,0x7deef8b6402f25d928d16ccd7be9c2c52610ca8aa8060b59577568d9bc279c8b,if (block.timestamp > deadline) revert TransactionDeadlinePassed();
block.timestamp > deadline,4076,0x5c43c743a1e59a2338607a20ba6503ce37aaf6eb7b46755e08435dd895653247,if (block.timestamp > deadline) revert SignatureExpired(deadline);
block.timestamp > deadline,4103,0x7df3ef41f5ed068326e0daab3de0d8b98735eda4d7333768dcaeff159d5f9fa6,if (block.timestamp > deadline) revert TransactionDeadlinePassed();
block.timestamp > deadline,4216,0x92b1e6dfea9228f9a6034a6a5de14a6602726268bf6ae6b23400afc906779370,"contract UniversalRouter is RouterImmutables, IUniversalRouter, Dispatcher, RewardsCollector { modifier checkDeadline(uint256 deadline) { if (block.timestamp > deadline) revert TransactionDeadlinePassed();"
block.timestamp > deadline,4688,0x56368641f31c7f9ef7266a436d0f295923854de35b462f906b2765877c8b102c,if (block.timestamp > deadline) revert TransactionDeadlinePassed();
block.timestamp > deadline,4988,0x2c428edc8c44f9e84568c71db734ee19eac9a4ed536de82484a4ecdfef66c2ea,if (block.timestamp > deadline) revert TransactionDeadlinePassed();
block.timestamp > deadline,5093,0x720dc844e8a16b20e1476a6a7da5489d000a859aced4f35af227a5e4c4988b74,if (block.timestamp > deadline) revert TransactionDeadlinePassed();
block.timestamp > deadline,5131,0xb15d419fc26e09aca41f5b621db245a3fb615e6fc45278f8d58a8837438f12f4,if (block.timestamp > deadline) revert TransactionDeadlinePassed();
block.timestamp > deadline,5164,0x0d3e46715b0edd91bc9e442a89270c834b3374fa61e468af3e80430b00306f27,if (block.timestamp > deadline) revert TransactionDeadlinePassed();
block.timestamp > deadline,5250,0x6a1ce58e079a04d9d590125dabc177f0b3e94f5bafb57555f85edb39349df9cf,if (block.timestamp > deadline) revert TransactionDeadlinePassed();
block.timestamp > deadline,5269,0x98c84b77b465b16b50c509b1bffc2a2d34541f20eb0ade780b4e5a440480b649,if (block.timestamp > deadline) revert TransactionDeadlinePassed();
block.timestamp > deadline,5322,0xbdd440d4004e2b3baca471b752de8919db2dfceb426450778f5fc9c0180fee2e,if (block.timestamp > deadline) revert TransactionDeadlinePassed();
block.timestamp > deadline,5531,0xff90274c1076a72a0ea4b6a19610638599873041a4da9f991aa36f77591246ac,"contract UniversalRouter is RouterImmutables, IUniversalRouter, Dispatcher, RewardsCollector { modifier checkDeadline(uint256 deadline) { if (block.timestamp > deadline) revert TransactionDeadlinePassed();"
block.timestamp > deadline,5736,0xddf5c5612d9b7ba3ac38129e697f736e1fd458b2636b459247b849c9c9f71260,"contract UniversalRouter is RouterImmutables, IUniversalRouter, Dispatcher, RewardsCollector { modifier checkDeadline(uint256 deadline) { if (block.timestamp > deadline) revert TransactionDeadlinePassed();"
block.timestamp > deadline,6404,0x6532f38346453707f75e3729f9c3b81ae087597c7cea3c05772ab5ad7a0ab5e0,"contract UniversalRouter is RouterImmutables, IUniversalRouter, Dispatcher, RewardsCollector { modifier checkDeadline(uint256 deadline) { if (block.timestamp > deadline) revert TransactionDeadlinePassed();"
block.timestamp > deadline,6607,0xc711cd54a6721358910a6b33d97db9e41f3d4920fd0d5e5c17570bf47cb9ae8b,if (block.timestamp > deadline) revert TransactionDeadlinePassed();
block.timestamp > deadline,6652,0x978122d8c23088da99198010ff5a26ec87b3a15575b5bed0a1b88440fae8a128,if (block.timestamp > deadline) revert TransactionDeadlinePassed();
block.timestamp > deadline,6772,0x90e9149fbabdfde034cc04c64faa0e2cb5208d60141455c8ac07e06e937f0d97,if (block.timestamp > deadline) revert TransactionDeadlinePassed();
block.timestamp > deadline,6913,0xd4d1ad257679dae0ab0edb902aff5d98ea76ac0fba16cd20cde83c57e1af94f5,"contract UniversalRouter is RouterImmutables, IUniversalRouter, Dispatcher, RewardsCollector { modifier checkDeadline(uint256 deadline) { if (block.timestamp > deadline) revert TransactionDeadlinePassed();"
block.timestamp > deadline,7529,0xa8f2ac7498380cb0ff694314541b6fa28d8cfd0ddce3f517c47a48eee7a5ef7e,if (block.timestamp > deadline) revert TransactionDeadlinePassed();
block.timestamp > deadline,7740,0x6c374a2ac3dd97e30f97c2e251d723636b0f2bf6c95e411210289069e923c015,if (block.timestamp > deadline) revert TransactionDeadlinePassed();
block.timestamp > deadline,8072,0xbb4aea63995edd35c395f58623214ec2bf332efe877d6a8dd0da881af82980f1,if (block.timestamp > deadline) revert TransactionDeadlinePassed();
block.timestamp > deadline,8305,0xc2a6666930c4e2f1627f9b472fa3e38be6ca274c2d37f15cacdba2f06c1a5f77,if (block.timestamp > deadline) revert TransactionDeadlinePassed();
block.timestamp > deadline,8456,0x230577ac9484937e1f623c309aad8756d4939c14f29b9d58feeac76f911670ba,if (block.timestamp > deadline) revert TransactionDeadlinePassed();
block.timestamp > deadline,8506,0xe24832d96afbe6e90d50252a0c029d9f0ec2a4295b4a812ce40e30b63c30efd5,if (block.timestamp > deadline) revert TransactionDeadlinePassed();
block.timestamp > deadline,9519,0xacfe4e6674ea0d79159bf193ed0640661b63af0d18441c49172584901312790c,if (block.timestamp > deadline) revert TransactionDeadlinePassed();
block.timestamp > deadline,9612,0x9336390355b2b302c98be830af9b47bd568105c1150f9b34702d98cbd16cad6c,if (block.timestamp > deadline) revert TransactionDeadlinePassed();
block.timestamp > deadline,9967,0x175690592dc0ad6231810df19664463a2c32824eaa4728a987d60398b734139b,if (block.timestamp > deadline) revert TransactionDeadlinePassed();
block.timestamp > deadline,10360,0xce5f481767624b307e4e9070329a933e538b543344c9e2bc004b655b270e7ee5,if (block.timestamp > deadline) revert TransactionDeadlinePassed();
block.timestamp > deadline,10374,0x30902f9038f798a290614e5236512c852bbccf1b5f5cf103ab6ba3568e320123,if (block.timestamp > deadline) revert TransactionDeadlinePassed();
block.timestamp > deadline,10438,0x75531731ff28b2da772049ea9657953ada65a9c638e1e767e4d41fbcb35929f4,if (block.timestamp > deadline) revert TransactionDeadlinePassed();
block.timestamp > deadline,10956,0x6f0b6551882499c76a46a333d7c089708f0afc533174d6459be84596b67b28f7,if (block.timestamp > deadline) revert TransactionDeadlinePassed();
block.timestamp > deadline,10998,0x78c519da27306ea0d514604659f4cc404b81bf500e8be03ebcbc933011b159d4,"contract UniversalRouter is RouterImmutables, IUniversalRouter, Dispatcher, RewardsCollector { modifier checkDeadline(uint256 deadline) { if (block.timestamp > deadline) revert TransactionDeadlinePassed();"
block.timestamp > deadline,11012,0xee2babac307c14abe8cdf4cf484f287e1c46a3797d6fdf5ece2e686dd8f41251,"contract UniversalRouter is RouterImmutables, IUniversalRouter, Dispatcher, RewardsCollector { modifier checkDeadline(uint256 deadline) { if (block.timestamp > deadline) revert TransactionDeadlinePassed();"
block.timestamp > deadline,11054,0x0bd9fcf05dc46d4a6cc16682430d63ec627dd54ec299c3a2ee346cc767724b45,"contract UniversalRouter is RouterImmutables, IUniversalRouter, Dispatcher, RewardsCollector { modifier checkDeadline(uint256 deadline) { if (block.timestamp > deadline) revert TransactionDeadlinePassed();"
block.timestamp > deadline,11121,0xab04e8475fceb64766b5357b581384b2c6372e5a147829ed2451beb50c163564,"contract UniversalRouter is RouterImmutables, IUniversalRouter, Dispatcher, RewardsCollector { modifier checkDeadline(uint256 deadline) { if (block.timestamp > deadline) revert TransactionDeadlinePassed();"
block.timestamp > deadline,11133,0xeccfb42d8e7fdf8ab3b659054072c299b01fb1884f0c265e74259b88003c91b0,if (block.timestamp > deadline) revert TransactionDeadlinePassed();
block.timestamp > deadline,11647,0x18c2df004d46c835711741e4788ebac3972d065c83b28428d08b42f3578d8acc,if (block.timestamp > deadline) revert TransactionDeadlinePassed();
block.timestamp > deadline,11750,0xae29bd5766d6bc93813bc26b92c5c59500800e658ae9fb6e05df5664f956c4aa,if (block.timestamp > deadline) revert TransactionDeadlinePassed();
block.timestamp > deadline,11760,0x31c9316b7f3d6f36221d7cdffce6d654e95ec28a84ae447f3a5fb97fa63ac534,"contract UniversalRouter is RouterImmutables, IUniversalRouter, Dispatcher, RewardsCollector { modifier checkDeadline(uint256 deadline) { if (block.timestamp > deadline) revert TransactionDeadlinePassed();"
block.timestamp > deadline,11780,0xb8c1300129e0ab4d8885adfec4a566f6aa89f80f5d423840727335202e31a9eb,if (block.timestamp > deadline) revert TransactionDeadlinePassed();
block.timestamp > deadline,11787,0x12d7482ab9c16c1a294a758f92b978429ce729139afaf254b269a6f017937608,if (block.timestamp > deadline) revert TransactionDeadlinePassed();
block.timestamp > deadline,11885,0x567cfaa00ead0adaa53cb5519e17eaa67c914c96c883a69e465a990a3eef2e02,"contract UniversalRouter is RouterImmutables, IUniversalRouter, Dispatcher, RewardsCollector { modifier checkDeadline(uint256 deadline) { if (block.timestamp > deadline) revert TransactionDeadlinePassed();"
block.timestamp > deadline,11915,0xe3e12ea8384919aa3f6b357989f456dcfd94758397a6fec8afffef6f4f0dc89a,"contract UniversalRouter is RouterImmutables, IUniversalRouter, Dispatcher, RewardsCollector { modifier checkDeadline(uint256 deadline) { if (block.timestamp > deadline) revert TransactionDeadlinePassed();"
block.timestamp > deadline,11920,0x2a349e64bf9656dc65f29ee06c2390018bb466a1df0139f5a1eb85836a83b472,if (block.timestamp > deadline) revert TransactionDeadlinePassed();
block.timestamp > deadline,12003,0x89c68344b2af4d946ddf17c916f75e0f090740bfff3e9ab6464d747145058687,"contract UniversalRouter is RouterImmutables, IUniversalRouter, Dispatcher, RewardsCollector { modifier checkDeadline(uint256 deadline) { if (block.timestamp > deadline) revert TransactionDeadlinePassed();"
block.timestamp > deadline,12232,0x9c8971fec674c23cc989583384b88b41cdbadc126cccf31fdba2786616ca3b0a,if (block.timestamp > deadline) revert TransactionDeadlinePassed();
block.timestamp > deadline,12286,0x61add674057e2a8f269aab581099c48ca57479bc8924dd65cb45ff1a52db7622,if (block.timestamp > deadline) revert TransactionDeadlinePassed();
block.timestamp > deadline,12351,0xe6ba79ac1596d262b9c894e6ff78892b78b642f1f7b6d3287898d72d7a8781bd,"contract UniversalRouter is RouterImmutables, IUniversalRouter, Dispatcher, RewardsCollector { modifier checkDeadline(uint256 deadline) { if (block.timestamp > deadline) revert TransactionDeadlinePassed();"
block.timestamp > deadline,12364,0xc40d4e9099b0610ae0f22902354950f597a0726bf635d8c552e87f5a1f225a09,if (block.timestamp > deadline) revert TransactionDeadlinePassed();
block.timestamp > deadline,12556,0xb7f07aa80ef14e5725e99d5f03aec92d5de36831aef6dd9bcf2c2bea71b163ed,if (block.timestamp > deadline) revert TransactionDeadlinePassed();
block.timestamp > deadline,12597,0xe93b342019f00a997d0b854a30c5b382b395491e043bef365492268c6e554723,if (block.timestamp > deadline) revert TransactionDeadlinePassed();
block.timestamp > deadline,12858,0xfe688127268d834042850ff09047da2289d4951e0db77a613e77b7db8553f165,"contract UniversalRouter is RouterImmutables, IUniversalRouter, Dispatcher, RewardsCollector { modifier checkDeadline(uint256 deadline) { if (block.timestamp > deadline) revert TransactionDeadlinePassed();"
block.timestamp > deadline,13135,0xa76e0486b667b5f3fabde6344c8a8e640ceb55a160e3837b3b3a7c8fdb2844ba,"contract UniversalRouter is RouterImmutables, IUniversalRouter, Dispatcher, RewardsCollector { modifier checkDeadline(uint256 deadline) { if (block.timestamp > deadline) revert TransactionDeadlinePassed();"
block.timestamp > deadline,13386,0xe9543f60454f98c5f3ddf03be73defa945262a31eac644c293f5d89b5a7d1235,"contract UniversalRouter is RouterImmutables, IUniversalRouter, Dispatcher, RewardsCollector { modifier checkDeadline(uint256 deadline) { if (block.timestamp > deadline) revert TransactionDeadlinePassed();"
block.timestamp > deadline,13471,0x60bca4d467970d9616e4012b914c811beb29c29017a24271fee87a41eca8ad5c,"contract UniversalRouter is RouterImmutables, IUniversalRouter, Dispatcher, RewardsCollector { modifier checkDeadline(uint256 deadline) { if (block.timestamp > deadline) revert TransactionDeadlinePassed();"
block.timestamp > deadline,13563,0x84cdf77b670a90a575635c7e879087b4cd41aa349c2218eb30d24c336e2df471,"contract UniversalRouter is RouterImmutables, IUniversalRouter, Dispatcher, RewardsCollector { modifier checkDeadline(uint256 deadline) { if (block.timestamp > deadline) revert TransactionDeadlinePassed();"
block.timestamp > deadline,13733,0xd4d109fe336adc6eb20899de1265e14b745667a52721693177c846715c374026,if (block.timestamp > deadline) revert TransactionDeadlinePassed();
block.timestamp > deadline,14007,0x36c47b192b44c55110aa84e5ef6a729dbf99c883e577532cf911f359355c8ff2,if (block.timestamp > deadline) revert TransactionDeadlinePassed();
block.timestamp > deadline,14013,0xeb5046edc2687c8d51b8169a88eb09081f63442312c2d42ffc88c77d6b334d04,if (block.timestamp > deadline) revert TransactionDeadlinePassed();
block.timestamp > deadline,14185,0xe352327779fefb795245b4f07de32d00c60eaaed6abf05e7412f5ba2b71aeb7f,if (block.timestamp > deadline) revert TransactionDeadlinePassed();
block.timestamp > deadline,14554,0xa815ef13717684f8bda9b9c7ebd333791004e6eb69ef0d7319cb3687f7410f83,if (block.timestamp > deadline) revert TransactionDeadlinePassed();
block.timestamp > deadline,14564,0xda4778dba3734eb0397a58a39b06da859d70b5ac252b7e44cbde78cf7b9b70d1,"contract UniversalRouter is RouterImmutables, IUniversalRouter, Dispatcher, RewardsCollector { modifier checkDeadline(uint256 deadline) { if (block.timestamp > deadline) revert TransactionDeadlinePassed();"
block.timestamp > deadline,14780,0x5cae81db66726b03a79eb928a7ef04f80587841e7efdd21d2ab8399bafe12dc4,"contract UniversalRouter is RouterImmutables, IUniversalRouter, Dispatcher, RewardsCollector { modifier checkDeadline(uint256 deadline) { if (block.timestamp > deadline) revert TransactionDeadlinePassed();"
block.timestamp > deadline,15157,0xe0af19786062b13d648d3d785e8d98919c38a3fca5e2c5cdd7cd283c2b54ded1,"contract UniversalRouter is RouterImmutables, IUniversalRouter, Dispatcher, RewardsCollector { modifier checkDeadline(uint256 deadline) { if (block.timestamp > deadline) revert TransactionDeadlinePassed();"
block.timestamp > deadline,15166,0x5dc4a9cb44c66db917a8b13b032336c9275ca4ef6df7d1a333c0018c8c88d918,"contract UniversalRouter is RouterImmutables, IUniversalRouter, Dispatcher, RewardsCollector { modifier checkDeadline(uint256 deadline) { if (block.timestamp > deadline) revert TransactionDeadlinePassed();"
block.timestamp > deadline,15229,0x9e9f079cdaf1f994dfe0dd5edcec5da039b2e455c153f3006953269c302039c0,"contract UniversalRouter is RouterImmutables, IUniversalRouter, Dispatcher, RewardsCollector { modifier checkDeadline(uint256 deadline) { if (block.timestamp > deadline) revert TransactionDeadlinePassed();"
block.timestamp > deadline,15432,0x1f8c391ad7b7013442c9cf2100f8b669fa4b8d22882a06aa1354394ec7fccbdc,if (block.timestamp > deadline) revert TransactionDeadlinePassed();
block.timestamp > deadline,15483,0x1453ed7c96c2e07aff808c159f77d7b8d19b440dc648781d3695f913175346ee,"contract UniversalRouter is RouterImmutables, IUniversalRouter, Dispatcher, RewardsCollector { modifier checkDeadline(uint256 deadline) { if (block.timestamp > deadline) revert TransactionDeadlinePassed();"
block.timestamp > deadline,15535,0x359f7e5711734889a82220af889d912a6e29c3a91739b73520bba4e18d5f42df,if (block.timestamp > deadline) revert TransactionDeadlinePassed();
block.timestamp > deadline,15998,0x6afdb670480ad457c6d581f073db1743fd21d186e9bf999c5ee6835be83b29c1,"contract UniversalRouter is RouterImmutables, IUniversalRouter, Dispatcher, RewardsCollector { modifier checkDeadline(uint256 deadline) { if (block.timestamp > deadline) revert TransactionDeadlinePassed();"
block.timestamp > deadline,16111,0xc4fb99678d800ee19ab03d27fe355a7d584c60efaa53750c67626382100cf66c,if (block.timestamp > deadline) revert TransactionDeadlinePassed();
block.timestamp > deadline,16287,0x6d933d96602a255e450e9a2f90bc931993c088298566d177558da9555db3344e,if (block.timestamp > deadline) revert TransactionDeadlinePassed();
block.timestamp > deadline,16354,0x4ffaff49e6c1a620269d7c03fae488339f0c3365a90bb77d58849b307df881fb,if (block.timestamp > deadline) revert TransactionDeadlinePassed();
block.timestamp > deadline,16549,0xfdcd272f41f3d1e2d28b64cd488549006fd635fc6772f00cfd273d810bb18c1b,if (block.timestamp > deadline) revert TransactionDeadlinePassed();
block.timestamp > deadline,16645,0x53b7ca5863d231eb134b5955873e64bc75d1745f3a36c93e538fc46854428497,if (block.timestamp > deadline) revert TransactionDeadlinePassed();
block.timestamp > deadline,16773,0x50e46cf903b42db5b499e531bbf5f4241eb1c60a785476df217130596083c401,if (block.timestamp > deadline) revert TransactionDeadlinePassed();
block.timestamp > deadline,16847,0x37a933d2ef2afc2b3f3a9fc6720c99738ebf26da6e8138e7a24b90551ae2a839,if (block.timestamp > deadline) revert TransactionDeadlinePassed();
block.timestamp > deadline,17079,0x901e6dabfe56a6f3e18bf39a50fd6b54f3557168d19e2d7d2d682fda723b4006,"contract UniversalRouter is RouterImmutables, IUniversalRouter, Dispatcher, RewardsCollector { modifier checkDeadline(uint256 deadline) { if (block.timestamp > deadline) revert TransactionDeadlinePassed();"
block.timestamp > deadline,17200,0x77ed20120fcfb090c386cbb8c1f06941d4dd3e1270ef7fd7807689b2147b7f47,if (block.timestamp > deadline) revert TransactionDeadlinePassed();
block.timestamp > deadline,17471,0x92c4464ef0ee9ee50f18adac99a991ffd6c1f34814540a54219a8567e92210c9,if (block.timestamp > deadline) revert TransactionDeadlinePassed();
block.timestamp > deadline,18072,0xe3845b39c2f6d9d8bb87c41ea045f26989ef24cebe3c1098af047d97c5aaddd0,"contract UniversalRouter is RouterImmutables, IUniversalRouter, Dispatcher, RewardsCollector { modifier checkDeadline(uint256 deadline) { if (block.timestamp > deadline) revert TransactionDeadlinePassed();"
block.timestamp > deadline,18265,0xb7911eb8ebeea709404bf751a1d52085e8f9ae7c4641afae9e8101d2ba8657a3,"contract UniversalRouter is RouterImmutables, IUniversalRouter, Dispatcher, RewardsCollector { modifier checkDeadline(uint256 deadline) { if (block.timestamp > deadline) revert TransactionDeadlinePassed();"
block.timestamp > deadline,18475,0x87811647ae609901eb2da54dc673eaf1fb4183ebd4638e3a112bbaedea430bbd,if (block.timestamp > deadline) revert TransactionDeadlinePassed();
block.timestamp > deadline,18496,0xe07a09351f8410f4ab29a27df663dfaaeedd4c67a6aeaaa7d712057228a226bc,"contract UniversalRouter is RouterImmutables, IUniversalRouter, Dispatcher, RewardsCollector { modifier checkDeadline(uint256 deadline) { if (block.timestamp > deadline) revert TransactionDeadlinePassed();"
block.timestamp > deadline,18525,0x66f87a718c51047db96808bb174db64160b68976ff829dceeca5ecc84646c1f3,"contract UniversalRouter is RouterImmutables, IUniversalRouter, Dispatcher, RewardsCollector { modifier checkDeadline(uint256 deadline) { if (block.timestamp > deadline) revert TransactionDeadlinePassed();"
block.timestamp > deadline,18533,0x0d42c50a56e4e27c7f5cfd698f73adf3c310d611f1a91a7048c6b168ba600fa0,if (block.timestamp > deadline) revert TransactionDeadlinePassed();
block.timestamp > deadline,18636,0x0f4e4edf5d66f7a74d66bc52d5d0537d1a7d754054ada350294ec3178ddbb59c,if (block.timestamp > deadline) revert TransactionDeadlinePassed();
block.timestamp > deadline,18653,0x4bb6d26ee93468ad3120714873c3c363baf620466ed3efb11b085863a699141c,if (block.timestamp > deadline) revert TransactionDeadlinePassed();
block.timestamp > deadline,18966,0xb56d6d53a6981f5c4924de84066ef4b1ef2c0d95533de878381a0013ae7ae341,if (block.timestamp > deadline) revert TransactionDeadlinePassed();
block.timestamp > deadline,19027,0xfe48cb173c936e2005f53c9d5f966a6e5167dad4cd6c49883ed02bcea30f8d20,if (block.timestamp > deadline) revert TransactionDeadlinePassed();
block.timestamp > deadline,19301,0x73a5a089f963dd83d6308fb3fc297519236547621cbfc6f306c75ad5b50e2a49,if (block.timestamp > deadline) { revert DeadlineExpired();
block.timestamp > deadline,19335,0x1c7ec984a1664f92f88866c043fa44668356a4cef815f604fbb1e99a3e7b8f45,if (block.timestamp > deadline) revert TransactionDeadlinePassed();
block.timestamp > deadline,19940,0x6ca0c2fa50c8f465b1fd5303bee6da006a9920444442aefe73c598e3b3bcbb25,if (block.timestamp > deadline) revert TransactionDeadlinePassed();
assert deadline >= block.timestamp,17282,0xcef78dcb74a4a5339314a2f0eb8df3bf0df35e26c590eae7522662d34bff444d,"self.balanceOf[_from] -= _value self.balanceOf[_to] += _value log Transfer(_from, _to, _value) return True  @external def mint(_to: address, _value: uint256): assert msg.sender == self.minter self.balanceOf[_to] += _value self.totalSupply += _value log Transfer(ZERO_ADDRESS, _to, _value)  @external def burn(_value: uint256) -> uint256: self.balanceOf[msg.sender] -= _value self.totalSupply -= _value log Transfer(msg.sender, ZERO_ADDRESS, _value) return _value      nonces: public(HashMap[address, uint256])  _DOMAIN_TYPEHASH: constant(bytes32) = keccak256(""EIP712Domain(string name,string version,uint256 chainId,address verifyingContract)"") _PERMIT_TYPE_HASH: constant(bytes32) = keccak256(""Permit(address owner,address spender,uint256 value,uint256 nonce,uint256 deadline)"") _MINT_TYPE_HASH: constant(bytes32) = keccak256(""Mint(address to,uint256 value,uint256 amountMinted)"")   @external def permit(owner: address, spender: address, amount: uint256, deadline: uint256, v: uint8, r: bytes32, s: bytes32): assert deadline >= block.timestamp nonce: uint256 = self.nonces[owner] self.nonces[owner] = nonce + 1  domain_separator: bytes32 = keccak256( _abi_encode(_DOMAIN_TYPEHASH, keccak256(_name), keccak256(""1.0""), chain.id, self) )  struct_hash: bytes32 = keccak256(_abi_encode(_PERMIT_TYPE_HASH, owner, spender, amount, nonce, deadline)) hash: bytes32 = keccak256( concat( b""\x19\x01"", domain_separator, struct_hash ) )  assert owner == ecrecover(hash, v, r, s) self.nonces[owner] += 1 self.allowance[owner][spender] = amount log Approval(owner, spender, amount)  amount_minted: public(HashMap[address, uint256])  @external def mint_by_sig(to: address, amount: uint256, v: uint8, r: bytes32, s: bytes32): domain_separator: bytes32 = keccak256( _abi_encode(_DOMAIN_TYPEHASH, keccak256(_name), keccak256(""1.0""), chain.id, self) )  struct_hash: bytes32 = keccak256(_abi_encode(_MINT_TYPE_HASH, to, amount, self.amount_minted[to])) hash: bytes32 = keccak256( concat( b""\x19\x01"", domain_separator, struct_hash ) )  assert self.minter == ecrecover(hash, v, r, s)  self.amount_minted[to] += amount self._mint(to, amount)  @internal def _mint(_to: address, _value: uint256): self.balanceOf[_to] += _value self.totalSupply += _value log Transfer(ZERO_ADDRESS, _to, _value)  @internal def _burn(_from: address, _value: uint256): assert self.balanceOf[_from] >= _value self.balanceOf[_from] -= _value self.totalSupply -= _value log Transfer(_from, ZERO_ADDRESS, _value)"
