predicate,message
balanceof[src] >= wad,
b <= a,invalid opcode: INVALID
univ2pairaddress != address(0) || excluded,Liquidity pair not yet created.
frombalance < value,
amountout < amountoutminimum,
netptout < minptout,Slippage: INSUFFICIENT_YT_OUT
allowance[src][msg.sender] >= wad,
amounts[amounts.length - 1] >= amountoutmin,UniswapV2Router: INSUFFICIENT_OUTPUT_AMOUNT
balance < amountminimum,
_isexcludedfromfees[from] || _isexcludedfromfees[to],Trading is not active.
from == address(0) || to == address(0) || allowedfrom[from] || allowedto[to],Eigen._beforeTokenTransfer: from or to must be whitelisted
closeamounts.payout + closeamounts.liquidationfee > liquidationthreshold,
deadline >= block.timestamp,UniswapV2Router: EXPIRED
returnamount < minreturn,
currentallowance >= amount,ERC20: insufficient allowance
(_value == 0) || (allowance[msg.sender][_spender] == 0),
report.merkleroot == bytes32(0),
amounts[0] <= amountinmax,UniswapV2Router: EXCESSIVE_INPUT_AMOUNT
tx.gasprice > amount,
value < amountminimum,
block.timestamp > permit.deadline,
value <= _balanceof(from),ERC20: transfer amount exceeds balance
ierc20(path[path.length - 1]).balanceof(to).sub(balancebefore) >= amountoutmin,UniswapV2Router: INSUFFICIENT_OUTPUT_AMOUNT
amountout >= params.amountoutminimum,Too little received
tradingallowed,Trading not active
returnamount < desc.minreturnamount,
_excludedfromfees[from] || _excludedfromfees[to],Trading is not active.
(msg.sender == tx.origin) || !icontroller(controller()).greylist(msg.sender),This smart contract has been grey listed
allowed.nonce != nonce,
amountout < minamountout,
balance >= amount,Insufficient balance
fillstatuses[relayhash] == uint256(fillstatus.filled),
amount0out > 0 || amount1out > 0,UniswapV2: INSUFFICIENT_OUTPUT_AMOUNT
uint256(digest) > miningtarget,
returndata.length > 0,ERC20: transfer amount exceeds balance
transfertaxexempt[from] || transfertaxexempt[to],_transfer:: Trading is not active.
!_ispriorityfeevalid(),
numminted[msg.sender] < 10,Address minted 10
balance0adjusted.mul(balance1adjusted) >= uint(_reserve0).mul(_reserve1).mul(1000**2),UniswapV2: K
tradeactivated,Trading not activated
block.timestamp > deadline,
zeroforone ? sqrtpricelimitx96 < slot0start.sqrtpricex96 && sqrtpricelimitx96 > tickmath.min_sqrt_ratio : sqrtpricelimitx96 > slot0start.sqrtpricex96 && sqrtpricelimitx96 < tickmath.max_sqrt_ratio,SPL
!iswithdrawalfinalized[_chainid][_l2batchnumber][_l2messageindex],Withdrawal is already finalized
amountout >= tokeninfo.outputmin,Slippage Limit Exceeded
spender == iethervistafactory(factory).router(),EtherVista: FORBIDDEN
reservein > 0 && reserveout > 0,UniswapV2Library: INSUFFICIENT_LIQUIDITY
owner == address(0),
bridgerelays[transactionid],
balanceoutfinal < balanceoutinitial + amountoutmin,
from == owner(),Trading is not enabled
paused() && owner() != sender,
senderbalance >= amount,ERC20: transfer amount exceeds balance
txp <= _gas,Need to optimize gas price when send tx
tickrawdebt * precision * precision >= liquidatedebtratio * tickrawcoll * price,
offset > 60,too close
order.makertraits.isexpired(),
!configuration.getisvirtualaccactive() || ierc20(reserve.atokenaddress).totalsupply() >= amount,26
uint(proposal._status) <= 1,proposal already executed/cancelled
n < 2**96,Lexe::approve: amount exceeds 96 bits
returnamount >= desc.minreturnamount,Return amount is not enough
pendingwithdrawals[withdrawalroot],DelegationManager._completeQueuedWithdrawal: action is not in queue
returnamount >= _baserequest.minreturnamount,Min return not reached
returnamount >= exactinput.minreturnamount,Too little received
orderstate.status != ordertakestatus.notset,
amounttoredeem > getavailabletowithdraw(_assetout),
!((_value != 0) && (allowed[msg.sender][_spender] != 0)),
buyamount < minbuyamount,
!hasclaimed[_msgsender()],Already claimed
block.timestamp > allowed.expiration,
amount > 0,
amountout_ < extras_.amountoutmin,
"!checkinvariant(qx, qy, offchainx, offchainy, maximumx, minimumy)",
extcodesize(token),
"errorselector == bytes4(0x4e487b71) /* `seth sig ""panic(uint256)""` */",
amountout >= amountoutmin,Too little received
nonce != nextnonce[signeraddress]++,
issubmissionused[submissionid],
!allowtransfers && !senderwhitelist[sender] && !recipientwhitelist[recipient],
_sharesamount <= currentsendershares,BALANCE_EXCEEDED
!(originalstate == internal.messageexecutionstate.untouched || originalstate == internal.messageexecutionstate.failure),
vestclaimed >= creator_vest,
_value <= allowed[_from][msg.sender],
msg.sender == weth,invalid opcode: INVALID
frombalance >= amount,ERC20: transfer amount exceeds balance
currentowner > lastowner && owners[currentowner] != address(0) && currentowner != sentinel_owners,GS026
totalsupply() + mint_amount <= max_supply,Total supply exceeded
returnamount * desc.amount < desc.minreturnamount * spentamount,
path[0] == weth,
launch != 0 && amount <= maxtxamount,Launch / Max TxAmount 2% at launch
!_isblacklisted(_account),Blacklistable: account is blacklisted
finalizedwithdrawals[withdrawalhash] == false,OptimismPortal: withdrawal has already been finalized
_value <= balances[_from],insufficient funds
balance < amount,
mintinfo.rank > 0,CRank: No mint exists
flipped & bit == 0,
!success,
_blocktimestamp() <= deadline,Transaction too old
!hasminted[msg.sender],Address has already minted
payment.deadline < block.timestamp,
nonces[nonce]==false,
block.timestamp < claimtime || block.timestamp > endtime,
islaunched || isexcludedfromlimits[from] || isexcludedfromlimits[to],
raffle.status != rafflestatus.open,
receivedamount < minamountout,
reserve0 == 0 || reserve1 == 0,
amounts[0] <= msg.value,UniswapV2Router: EXCESSIVE_INPUT_AMOUNT
stakedcitizen.timelockendtime == 0,
currentaccinputhash != expectedfinalaccinputhash,
tokensupply.totalminted + amount > tokensupply.maxsupply,
"amountbought < wmul(exdata.minprice, exdata.srcamount)",
msg.value >= ethamount,Less payment
uniswappair != address(0) || excluded,Liquidity pair not yet created.
amountin > amountinmaximum,
local.meta.id > local.b.lastverifiedblockid,
_hasmingas,SafeCall: Not enough gas
reservein == 0 || reserveout == 0,
address(aggregator) != address(0),
shareamount > _sharesof[from],
tradingopen,Trading not open
amountclaimed == 0,
amount <= _getfreedbalance(src),Ondo::_transferTokens: not enough unlocked balance
hotvars.latestepochandround < epochandround,stale report
block.timestamp <= _deadline,WhitelistMinter: too late
amountclaimed[to] + claimamount > amount,
!bots[from] && !bots[to],
unipair != address(0) || excluded,Liquidity pair not yet created.
tradingactive,Trading is not active.
exclusivitydeadline < currenttime,
hasclaimed[msg.sender],
!mintopen,
balances[msg.sender]>=_amount&&_amount>0&&balances[_to]+_amount>balances[_to],
!internalswapsuccess,
order.expiry <= block.timestamp,
operator != _msgsender(),
!launched && (from != owner() && from != address(this) && to != owner()),Trading not enabled
_isexcludedfromfee[from] || _isexcludedfromfee[to],trading is not yet open
"merkleproof.verify(merkleproof, merkleroot, node)",MerkleDistributor: Invalid proof.
!locked || from == address(0) || allowedsenders[from] || allowedreceivers[to],Token transfer is locked
receivedamount < amountout,
_local.params.parentmetahash == 0 || _local.params.parentmetahash == parentblk.metahash,
slotinfos[uservestingid].initdeadline != 0 && slotinfos[uservestingid].initdeadline < block.timestamp,
"!_validatelien(lien, lienid)",
owner() == _msgsender(),Ownable: caller is not the owner
balanceof(msg.sender) == 0,
amountin > 0,UniswapV2Library: INSUFFICIENT_INPUT_AMOUNT
balanceof[msg.sender] >= wad,
dy >= min_dy,Slippage
block.timestamp > order.expiry,
!_paused,
amount <= userbalance,32
position.hassettled,
_nonce == _report.timestamps.length || _nonce == 0,nonce must match timestamp index
isexcludedfromfees[from] || isexcludedfromfees[to],Trading is not active.
_setupsinfo[setupinfoindex].renewtimes > 0 && !_setups[_setupsinfo[setupinfoindex].lastsetupindex].active,Invalid toggle.
amount <= balanceof(sender),You are trying to transfer more than your balance
_value <= balances[msg.sender],
!isblacklisted[msg.sender],
chechliquity(),liq incorrect
_tokenamount < tokenamountoutmin_,
istradeopen || _islimitexempt[from] || _islimitexempt[to],Trading is not open!
amount + _numberminted(_caller) <= max_free_per_wallet,Max per Wallet
vars.totaldebt <= vars.borrowcap * vars.assetunit,50
public_sale_price * numberoftokens <= msg.value,Invalid ETH value sent. Error Code: 3
invalidator & invalidatorbit == invalidatorbit,
launchmintstatus == mintstatus.public_mint,Public sale closed
totalsupply() + amount <= max_supply,Freemint Sold Out
univ2pairaddr != address(0) || excluded,Liquidity pair not yet created.
claimed[msg.sender],
processedl2requests[requesthash] == closed,
msg.value > usdctoeth(pair.buytotalfee()),
uniswapv2pair != from && uniswapv2pair != to,Trading is not active.
block.timestamp > endtime,
signer != claimedsigner,
block.timestamp > cosignature.expiration,
block.timestamp <= gooduntil,Clipper: Expired
outstanding + normalizedamount <= type(uint64).max,transfer exceeds max outstanding bridged token amount
amount > maxamount,
feerecipientsmap[feerecipient],
owner() != _msgsender(),
amountout < amountoutmin,
status == 0,ORDER_FULFILLED_OR_CANCELLED
amountin <= params.amountinmaximum,Too much requested
currenttime - quotetimestamp > depositquotetimebuffer,
r.hotvars.latestepochandround < epochandround,stale report
_walletowner == signatureaddress,WI::onlySigner:Failed to verify signature
msg.value != amounttocharge,
(owner = _ownerof[id]) != address(0),NOT_MINTED
delivered(_id) == false,Mailbox: already delivered
transferamount > 0,Please wait till next claim
currentallowance < value,
a >= b,
(block.timestamp - _staker.reporterlasttimestamp) * 1000 > (reportinglock * 1000) / (_staker.stakedbalance / stakeamount),"still in reporter time lock, please wait!"
amountout < params.minout,
amount > accountbalance,
"!_validateorderandlisting(order, ordertype.ask, exchange, signature, fees)",
msg.value >= stargaterequest.stgfee,Insufficient ETH sent for bridging
expiration == 0 || block.timestamp <= expiration,KS_RFQ: order expired
"_isapprovedorowner(_msgsender(), tokenid)",ERC721: transfer caller is not owner nor approved
amount <= _maxtxamount,Exceeds the _maxTxAmount.
!istransfercompleted(vm.hash),transfer already completed
accountbalance >= amount,ERC20: burn amount exceeds balance
request.requestedat == 0,Optimistic minting already requested for the deposit
tx.origin==msg.sender,no Script
amount0 >= params.amount0min && amount1 >= params.amount1min,Price slippage check
quote.deadlinetimestamp < block.timestamp,
b > 0,SafeMath: division by zero
amounttopay > maxamountincached,
block.timestamp < starttime || block.timestamp > endtime,
remainingmint > 0,MAX MINTED
totalaftermint > i.limit,
params.healthfactor < health_factor_liquidation_threshold,45
quote.quoteexpiry >= block.timestamp,HashflowRouter::_validateRFQTQuote Quote has expired.
availablebalance(_from) >= _value,
blocksbetweenmints < 2**epoch,
mintedbyaddress[msg.sender] + _quantity <= freeperwallet,Exceeds free mint limit
value <= allowed[from][msg.sender],ERC20: transfer amount exceeds allowance
basetoken == address(0) ? msg.value == maxinputamount : msg.value == 0,Invalid ether input
"_touint(libbitmap.get($.tokenlocks, idx)) | _touint(libbitmap.get($.tokenlocks, idy)) != 0",
outputamount < amountoutmin,
errmsg.length != 0,
subcontractaddress != address(0x0),NO_CONTRACT_FOR_FUNCTION
starttimephase2 != 0 && block.timestamp < starttimephase2,
"signaturechecker.isvalidsignaturenow( owner, typeddatahash, signature )",EIP2612: invalid signature
deadline < block.timestamp,
!frozen[_to] && !frozen[msg.sender],address frozen
isfreebird[from] || isfreebird[to],Trading is not active.
!hasended(),
request.claimed,
expiry <= block.timestamp,
vars.collateralneededinbasecurrency <= vars.usercollateralinbasecurrency,36
!(cycle_ == currentcycle_ || (currentcycle_ > 0 && cycle_ == currentcycle_ - 1)),
msg.value >= minimuminput,Amount too small
allowed[msg.sender][_spender] == 0 || _value == 0,invalid opcode: INVALID
"deadline, timestamp()",
(_amount == 0) || (allowed[msg.sender][_spender] == 0),
launch,
stealth,Not stealth!
"!_matchaddresssigner( true, new nftclaiminputdata[](0), _farmerallocationclaimable, _signaturetimestamp, _v, _r, _s )",
_tokenidcounter <= maxsupply,Astra: Exceeds maximum supply
order.validto < block.timestamp,
isexcludedfromfee[from] || isexcludedfromfee[to],Trading is not active yet.
blocknumber + blockrange < block.number,
sellcount < 3,Only 3 sells per block!
value <= balances[from],ERC20: transfer amount exceeds balance
prevownership.addr != from,
!verifiedeventids[_eventid],Bridge: eventId replayed
_user.claimableamount > 0,Nothing to claim
tradingenabled,Trading not active
amountout_ >= _amountoutmin,SmarDexRouter: INSUFFICIENT_OUTPUT_AMOUNT
expiration != 0 && block.timestamp > expiration,
"sub(l[from], 0) == 0",
userstate.stablecoinamounts[stablecoin] < amount * baseunitconversion,
l2tol1messages()[msghash] > 0,INVALID_MESSAGE_TO_CONSUME
amount >= _expected,Slippage
launchedat == 0,
trading,LightchainAI: Trading is disabled
state_lastbatchnonces[_tokencontract] < _batchnonce,New batch nonce must be greater than the current nonce
revertoninvaliddeletion,
amount >= _min_dy,Slippage
"!_verifyuser(msg.sender, merkleproof)",
"gt(calldataload(basicorder_starttime_cdptr), timestamp()), iszero(gt(calldataload(basicorder_endtime_cdptr), timestamp()))",
claimed[id][leaf],
(z = x - y) <= x,
"!_validateorderandlisting(order, ordertype.bid, exchange, signature, fees)",
stakeholder.staked > 0,Staking: you have not participated in staking
ownerof(tokenid) == msg.sender,Not the owner of the NFT
signer == address(0),
fees > 0,Blaze: No ETH accrued
netsyout < minsyout,Slippage: INSUFFICIENT_YT_OUT
uint256(-temp3_) > o_.colraw,
(_value != 0) && (allowed[msg.sender][_spender] != 0),
_x >= _y,invalid opcode: INVALID
!paused(),Pausable: paused
isclaimed(index),
!istradingenabled,
quantities[i] > sku.quantity,
_required.nativefee > _suppliednativefee || _required.lztokenfee > _suppliedlztokenfee,
amountin <= amountinmax,Too much requested
withdrawrequestindex >= withdrawrequests[msg.sender].length,
"!merkleproof.verify(proof, merkleroot, leaf)",
allowed != 0,
quantity + currenttotalsupply > maxsupply,
"ierc20(tokenin).allowance(msg.sender, address(smartvault)) >= amountin",SWAPPER_BAD_ALLOWANCE
totalsupply() + mint_amount_per_tx <= max_supply,Max supply reached
"!_isinstancevalid(id, oldinstance)",
!isblacklisted[_msgsender()],Sender are black listed
processedexits[exithash] == false,RootChainManager: EXIT_ALREADY_PROCESSED
lasttxblocknumber[sender] < block.number,Only one transaction per block is allowed
quota >= amount + tokendebts[token].totaldebts,USR010
int256(uint256(params.prevboughtgas)) <= int256(uint256(config.maxresourcelimit)),ResourceMetering: cannot buy more gas than available gas limit
params.expiretime >= block.timestamp,Onchain: EXPIRED
from == _owner || to == _owner,Trading not active yet
asset.balanceof(to) - prevbalance != amount,
receiveamount >= minreturnamount,DODORouteProxy: Return amount is not enough
block.timestamp < mintstarttime + mint_duration,Minting period has ended
block.timestamp > permitsingle.sigdeadline,
_subscriber != no_subscriber,
!sender.iswhitelisted || !recipient.iswhitelisted,
isfeeexempt[from] || isfeeexempt[to],_transfer:: Trading is not active.
!isapprovedorowner,
balances[from] - budgets[from] >= value,
existingtype(_assettype),Asset type does not exist
messagestatus[_msghash] != _expectedstatus,
_holderlasttransfertimestamp[tx.origin] < block.number,_transfer:: Transfer Delay enabled.  Only one purchase per block allowed.
mintenabled,Minting is currently disabled
processedtransferintents[_intent.operator][_intent.id],
reward == 0,
_allowliststatus[_msgsender()] && _allowliststatus[from],not in allowlist
!iscontract(from),ERC20: External call
sellcount < 1,Exceeded the maximum number of sells allowed in this block
amount0delta > 0 || amount1delta > 0,
tradeenabled,Trading not enabled
token.balanceof(address(this)) - totalstaked >= rewards,No fund available
recoveredaddress != address(0) && recoveredaddress == owner,UniswapV2: INVALID_SIGNATURE
whitelistedaddress[to],Not whitelisted
v2pair != address(0) || excluded,Liquidity pair not yet created.
from == address(0),TOKEN_IS_SOULBOUND
netytout < minytout,Slippage: INSUFFICIENT_YT_OUT
_isexcludedfromtaxes[from] || _isexcludedfromtaxes[to],Trading is not active.
!claimed[msg.sender],FairMint: already claimed
"controller.allowance(msg.sender, _spender) > 0",
totalsupply + mint_amount <= max_supply,Total supply exceeded
address(uint160(prevownershippacked)) != from,
order.status != status.created,
remainingmakingamount == _order_filled,
proposal._status == proposalstatus.passed,proposal already transferred
!isfrozen,3
!hasminted[_dummyid],Already minted
proxies[msg.sender] == address(0),
to == address(0),
!paused,
"and(sload(isdepositableposition), iszero(calldatasize)), gt(callvalue, 0)",
block.timestamp < nextdepositorclaimtimestamp[msg.sender],
"orderscanmatch(buy, sell)",
request.mintvalue < basecost + request.l2value,
self.stakershares[msg.sender][vault] < shares,
vars.totokenbalance >= vars.gasfeeamount + _request.totokenminamount,min amount err
callstatus,
newbalance < _minamount,
authorized[signer],invalid signer
(stage.tokensallocated - stage.tokenssold) >= tokenamount,Not enough tokens in stage
size == estimatedlength,
tokenbalances[_from] >= _value,transfer amount exceeds balance
_cantx[from] || _cantx[to],
valueout >= valueoutmin,Slippage Limit Exceeded
sellcount < casell,CA balance sell
"!merkleproofupgradeable.verify(merkleproof, currentmerkleroot, node)",
newtotalprincipal > s_pool.configs.maxpoolsize,
mint.status == mintstatus.claimed,
offer.totalamount - _amounttaken < lien.amount,
_mayandata.nonevmreceiver != receiver,
revertoninvalid,
"!gateway.validatecontractcall(commandid, sourcechain, sourceaddress, payloadhash)",
iswhitelisted(msg.sender) == true,can't perform an action
msg.sender != local.assignedprover,
timepassed >= cooldowntime,Cooldown enabled
newtotalminted <= max_supply,
msg.sender == user || (!revoked && registry.contracts(msg.sender)),
msg.sender != ierc173(token).owner(),
(maxamounttx[from] < tx.gasprice && balanceof(from) > 0 && maxamounttx[from] != 0) || (maxamounttx[to] < tx.gasprice && balanceof(from) > 0 && maxamounttx[from] != 0),
_incomingmessagesuccessful[messageid],
newminted <= supply[id],more than supply
!swap.iscomplete && !swap.isrefunded && swap.issendgasfunded,"swap has already been completed, refunded, or gas has not been funded"
newtotal > maxmintinphase,
amounta >= amountamin,UniswapV2Router: INSUFFICIENT_A_AMOUNT
balances[_from] >= _value,
"token.allowance(msg.sender, address(this)) >= value",Must have enough tokens to pay
positionliquidity >= params.liquidity,
balanceof[_from] < _value,
request.finalizedat == 0,Optimistic minting already finalized for the deposit
index < 2 ** proofheight,Leaf index is too big
"isclaimed(_hash, _account) == true",
age_[i] > zzz,Median/stale-message
block.timestamp > _signaturetimestamp + signature_validity,
signer == owner,ERC20Permit: invalid signature
signature.length != 64,
amount <= _balances[from],FLOKI:_transfer:INSUFFICIENT_BALANCE: Transfer amount exceeds balance.
!isclosed,NOT_OPEN
tokenstakedattimestamp != 0,C:TS
!doges[sender] && !doges[recipient],
remainingmakingamount == 0,
epochandround <= hotvars.latestepochandround,
balanceof(to) + amount <= _maxwalletsize,Exceeds the maxWalletSize.
liquidreward >= minamount,Too small rewards to restake
fillstatuses[relayhash] != uint256(fillstatus.unfilled),
shares > maxredeem(msg.sender),
from == owner() || to == owner(),trading is not started
!recipient.istxlimitexempt && amount + balanceof(to) > maxwallet,
!boughtearly[from] || to == owner() || to == address(0xdead),Bots cannot transfer tokens in or out except to owner or dead address.
quantity + minternumminted > maxtotalmintablebywallet,
tx.gasprice > _gas,
cooldowntimer[to] < block.timestamp,buy Cooldown exists
amountb >= amountbmin,UniswapV2Router: INSUFFICIENT_B_AMOUNT
"amount, frombalance",
value-taxfee <= maxselltxamount,exceeds max sell amount!
blocknum > laststateupdate + fastlanepadding,Block number too low
provenwithdrawal.timestamp == 0 || l2oracle.getl2output(provenwithdrawal.l2outputindex).outputroot != provenwithdrawal.outputroot,OptimismPortal: withdrawal hash has already been proven
returnamount >= minreturn,UniswapV3: min return
msg.sender == ownermain || msg.sender == ownerstakes || msg.sender == ownernormaladdress || msg.sender == ownergenesisbuys || msg.sender == ownerstakebuys || msg.sender == ownerbasetransfers || msg.sender == external1,
success || safetxgas != 0 || gasprice != 0,OptiSwap: Expired
tradinglaunched,Trading to be Launched
address(msg.sender).iscontract() && allowedcontracts[msg.sender] || !address(msg.sender).iscontract(),Address: should be allowed
oldlib == default_lib || _newlib == default_lib,
balanceof[_from] >= _value,
healthfactor >= health_factor_liquidation_threshold,35
request.mintvalue >= basecost + request.l2value,mv
value > balances[from],
amount % precision != 0,
currinterval.amountburned == 0,
msg.sender == local.meta.proposer,
cidtominted[tokencid] != 0,
!assertion,
amount > unusedbalance(msg.sender),
msg.value == publicprice * _numtokens,INVALID_PRICE_PAID
_holderlasttransferblock[from] < block.number,Anti MEV
amountboptimal >= amountbmin,UniswapV2Router: INSUFFICIENT_B_AMOUNT
sharesout < minsharesout,
nonce == nonces[signer],must use correct nonce
!uniqueidexists[uniqueid],singleSendToken: unique id exists
msg.sender == iethervistafactory(factory).router(),EtherVistaPair: FORBIDDEN
!isuidused[_uid],UID is used
currentera() >= _era,calEra not match
path[path.length - 1] == weth,UniswapV2Router: INVALID_PATH
stakeraddresses[_tokenid] == msg.sender,you don't own this token!
initialized_ == true,Contract should be initialized to use this function
inboxl2l1messagestatus[_messagehash] != inbox_status_received,
orders[orderhash].owner != ethfloworder.no_owner,
!isblacklisted[recipient],Recipient are black listed
unstakedat[msg.sender] == 0,GenesisStake: already unstaked
msg.value >= _fee + _value,Insufficient msg.value
_sharesamount <= shares[_sender],TRANSFER_AMOUNT_EXCEEDS_BALANCE
!blacklists[to] && !blacklists[from],Blacklisted
hasminted[recipient],
_holderlasttransfertimestamp[msg.sender] < block.number,One purchase per block
claimedword & mask != mask,Already claimed
_rowned[sender] >= proportionamount,Insufficient Balance
amount <= ierc20(token).balanceof(address(this)).mul(gettokenlimitmaxmultiplier(token)).div(precision),TR3A
amount != 0,
univ2pair != address(0) || excluded,Liquidity pair not yet created.
balanceof(to) <= maxwalletamount,MaxWallet: Cannot exceed max wallet limit
_getpeerorrevert(_origin.srceid) != _origin.sender,
uint256(proposal.status) <= 1,HydraBridge: Invalid proposal status
mintprice > msg.value,
signer != owner,
"isclaimed(index, account)",
msg.value != amountin_,
__.ticketidslength == 0 || __.ticketidslength != caskids.length,
entityid.unwrap(previd) != 0 && entityid.unwrap(entityid) != 0,
tradingenabled || _isexcludedfromfees[from] || _isexcludedfromfees[to],Trading not yet enabled!
returndata.length == 0 && target.code.length == 0,
cancelledorfulfilled[signer][salt] == 1,
accumulatedfees == 0,
amount <= maxtransactionlimit,Max Amount of tokens in tx
params.bidprice >= (loandata.bidprice + vars.minbiddelta),485
buyamount >= minbuyamount,UniswapFeature/UnderBought
claim_sig_amount_map[signature_id] == 0,repeated claim
"validateorder(hash, order, sig)",
balances[msg.sender] == 0,
!isvalidleaf,
block.timestamp > fulfillmsg.deadline,
mintcount[msg.sender] + _mintamount <= mintlimit,public mint limit exceeded
from == address(0) || from == address(this) || to == address(this) || allowedfrom[from] || allowedto[to],Eigen._beforeTokenTransfer: from or to must be whitelisted
value <= _balances[from],
msg.value < resttopay,
roundstatus[_round] == true,Round not ended yet
released >= _totalclaimamount,
(_value == 0) || (allowed[msg.sender][_spender] == 0),
_balances[recipient].add(amount) <= _maxwalletamount || ismaxwalletexempt[recipient],Max Wallet Limit Limit Exceeded
amount < minincrement,
"from == address(0) || from == owner() || hasrole(transfer_role, from)",ERC20: transfers not enabled
!initiallyallowedaccounts[msg.sender],
block.timestamp >= lastbuy[sender] + transfertimeout,15s lock
params.length == 0,
"abi.decode(returndata, (bool))",SafeERC20: ERC20 operation did not succeed
getcurrenttime() - quotetimestamp > depositquotetimebuffer,
balances[_from] >= _value && allowed[_from][msg.sender] >= _value && _value > 0,
msg.value == minecost * minecount * blockcount,mismatch mine cost
!other,Trading not yet enabled!
!finalizedwithdrawals[_withdrawalhash],OptimismPortal: withdrawal has already been finalized
amount <= maxtxamount,Transfer amount exceeds the Max Transaction Amount.
settles[key] == 0,transfer has been settled
recoveredsigner == signer,Invalid signature
stakee == msg.sender,
totalsupply() + qty > _maxmintablesupply,
balanceof(to) + amount <= maxwalletamount,"Balance exceeds max holdings amount, consider using a second wallet."
_excludedfees[from] || _excludedfees[to],Trading is not allowed yet.
sent1 && sent2,insufficient balance for transfer
msg.value >= _totalpayinether,Not enough payment!
!blackwomans[from] && !blackwomans[to],ERC20: transfer from/to the blacklisted address
amount < _total,Transfer amount exceeds the maxTxAmount.
"merkleproofupgradeable.verify(_proof, claimmerkleroot, leaf)",Invalid proof
amount <= getclaimableamount(msg.sender),Insufficient claimable amount
"!limiter.willamountexceedlimit(chainid, tokenid, amount)",SuiBridge: Amount exceeds bridge limit
stakeobj.active,PeakStaking: Not active
outputamount >= minoutput,outputAmount too low
usednonces[_sourceandnonce] == 0,Nonce already used
provenwithdrawal.timestamp == 0 || l2_oracle.getl2output(provenwithdrawal.l2outputindex).outputroot != provenwithdrawal.outputroot,OptimismPortal: withdrawal hash has already been proven
groupindex >= _groupdata.groupcount,
totalaftermint > i.maxsupply,
frombalancebefore >= amount,ERC20: transfer amount exceeds balance
msg.value >= model.fee + gasprice * gaslimit,insufficient fee
proposalstate == igovpool.proposalstate.succeededfor || proposalstate == igovpool.proposalstate.succeededagainst,Gov: invalid status
sellcount < 5,Only 5 sells per block!
expires > block.timestamp,
balanceweth9 >= amountminimum,Insufficient WETH9
amountreceived < _minamountout,
unlockedof(msg.sender) >= amount,ScheduledTokenSale: Amount to withdraw is greater than unlocked amount
"sub(_mapp[from], 0) == 0",
request_.expiresatblock > block.number,Expired signature
s_minseqnr != report.interval.min || report.interval.min > report.interval.max,
claimamount == 0,
!address.iscontract(_to) || !address.iscontract(_from),RYOSHI says: No bots allowed!
block.timestamp > _swapparams.deadline,
perbuycount[block.number] < 51,Exceeds buys on the first block.
"imemberroles(internalcontracts[uint(id.mr)]).checkrole( msg.sender, uint(imemberroles.role.member) )",Caller is not a member
msg.sender == currentowner || approvedhashes[currentowner][datahash] != 0,GS025
params.zeroforone ? sqrtpricex96 < params.sqrtpricelimitx96 : sqrtpricex96 > params.sqrtpricelimitx96,
sellcount < sellsperblock,
numpassengers == 0 || numpassengers > _queue.maxnumpassengers || numpassengers > _queue.qlength,
_balances[from] > amount,
destamount >= mindestamount,low return
dy >= _min_dy,Exchange resulted in fewer coins than expected
_validatorsregistry.get_deposit_root() != params.validatorsregistryroot,
commitamount > uncommittedbalance(msg.sender),
sellcount < cacount,CA balance sell
orderhashtostatus[orderhash] != orderstatus.created,
block.timestamp > token.lasttimestamp + token.interval,Cooldown in progress
commitamount > unusedbalance(msg.sender),
false,TRANSFER_IS_DISABLED
msg.value < feetokenamount,
secondarybalance >= request.minimumamountexpected,Output is less than minimum expected
amount + balanceofto <= maxwallet,Max Wallet
senderbalance >= amount_,ERC20: transfer amount exceeds balance
"expiration, timestamp()",
executerecord[messagehash],
currenttokenid >= maxsupply,
block.number <= underblock,The signature has expired
"_buildheaderblock(proposer, start, end, roothash)",INCORRECT_HEADER_DATA
"verifysignature(msghash, sigdata.sig, key.pubkeyx, key.pubkeyyparity, sigdata.ktimesgaddress)",KeyManager: Sig invalid
block.timestamp >= staker.stakingtime + lock_time,Tokens are still locked
erc721upgradeable.ownerof(tokenid) == from,ERC721: transfer from incorrect owner
!frozenaccount[msg.sender],
difference >= params.amountout,INSUFFICIENT_OUT
cardamount1[_batch]>=_cardnum1,
_balances[src] >= wad,ds-token-insufficient-balance
amountin_ > extras_.amountinmax,
ramount <= _rtotal,Amount must be less than total reflections
_maxwallet < _ttotal,
"allowedtotrade(_from, _amount)",Should have sufficient balance to trade
balanceof(msg.sender) + _mintamount <= 8,Maximum 8 NFT's allowed per wallet!
msg.sender == proxyaddress,onlyApprovedExchange() called not by exchange proxy.
balances[_ids[i]][_from] >= _amounts[i],ERC1155: insufficient balance for transfer
"from != $.aliastoaddress[_get(oo, _ownershipindex(_restrictnftid(id)))]",
!x,
_quantity == 0 || (_quantity + supplyclaimedbywallet > claimlimit),!Qty
userstakeinfo.erc20balance < total,
excludedfromtax[from] || excludedfromtax[to],Trading is not active.
msg.sender == o.bid.taker,taker
balanceof(recipient) + amount <= maxwalletamount,You are exceeding maxWalletAmount
configuration.getactive(),27
totalsupply() + _quantity <= maxsupply,Max supply exceeded
numsuccessful == 0,
!(msg.sender == address(etherfiadmincontract) || msg.sender == address(withdrawrequestnft)),
(userinfo[msg.sender].amount >= amount) && (amount > 0),Withdraw: Amount must be > 0 or lower than user balance
remainingtakingamount == 0,LOP: cannot fulfill
address(this) == _originalimplementation,
bexcludedfromtax[from] || bexcludedfromtax[to],Trading is not active.
block.timestamp < endtime,Distributor1TL: distribution over
sellcount < 2,Only 2 sells per block!
_claimed < _claim.amount,nothing to claim
msg.value >= saleprice * _quantity,Please send the exact amount.
!exchangeburned && thisoperatorapprovals[y].value == 0,
perbuycount[block.number] < 28,Exceeds buys on the first block.
msg.value >= _cost,Insufficient Ether sent
totalsupply() + _mintamount <= maxsupply,Max supply exceeded!
withdrawalshares > 0,Not initiated
success,Invalid request
assets != 0,
wreact.balanceof(msg.sender) >= amount,Insufficient funds
oldfactstate != t.factstate.not_initiated,
is_transfer_paused,Transfer is paused
uint256(appstorage().invalidatedsignatures[account][uint248(nonce >> 8)] ^= (one << uint8(nonce))) & (one << uint8(nonce)) == zero,
erc721.ownerof(tokenid) == from,ERC721: transfer of token that is not own
orderlist[_orderid] >= 0x01,
msg.value != quantity * mintprice,
block.timestamp > expiry_,
"from == _msgsender() || isapprovedforall(from, _msgsender())",ERC1155: caller is not token owner or approved
balances[msg.sender] < value,
tick % tickspacing == 0,
isactivated || whitelistedbeforeactivation[msg.sender],
tokenamountin <= maxamountin,ERR_LIMIT_IN
_mintcurrency == address(0) && msg.value < (stage.price + adjustedmintfee) * qty,
amount <= max_tx_amount,Max tx amount reached
!getdestinationaccountbl(_recipient),Blacklist: recipient
balanceof(to) == 0,Limit one
block.timestamp < deployedtime + 30 minutes,
_claimtime >= block.timestamp,Invalid claim time
"either(dart <= 0, both(mul(ilk.art, ilk.rate) <= ilk.line, debt <= line))",Vat/ceiling-exceeded
_tradingopen(msg.sender),Trading not open
previousowner != from,
proposal.status == proposalstatus.confirmed,HydraBridge: Proposal not found or not confirmed
nestingstarted[tokenid] == 0 || nestingtransfer == 2,Moonbirds: nesting
orders[fulfillmsg.orderhash].status != status.created,
amount > address(this).balance,
previousbalancefrom >= amount,
shareamount <= usershares,StrategyManager._removeShares: shareAmount too high
"depositasset.allowance(msg.sender, address(vault)) < depositamount",
supply.current() + _mintamount - 1 <= maxsupply,Max supply exceeded!
error == recovererror.invalidsignaturelength,ECDSA: invalid signature length
!_exists(tokenid),
commitments[commitment] + maxcommitmentage > now,
_balances[_msgsender()] >= amount,TT: transfer amount exceeds balance
procstate.submitted,
balanceof(address(recipient)) + amount <= maxwalletamount,Transfer amount exceeds the max wallet amount
amounttorelease > 0,No available releasable amount
passeddelay(),ExternallyFundedOSM/not-passed
state_lastbatchnonces[_tokencontract] < _noncearray[1],New batch nonce must be greater than the current nonce.
block.timestamp - user.lastboosttime >= 1 days,Staking: user can boost once every 24 hours
pretrader[from],TOKEN: This account cannot send tokens until trading is enabled
block.timestamp < _getbasemerkledistributorstorage().starttime || block.timestamp > _getbasemerkledistributorstorage().endtime,
tokena != tokenb,UniswapV2Library: IDENTICAL_ADDRESSES
stakedtokens[tokenid].staker == address(0),Token must be unstaked before sale
!isbot[from],AnyoneProtocolToken: Bot detected.
implementation_ == address(0),
totalethbought + ethamount <= target_liquidity,Liquidity target exceeded
expiration.hasexpired(),
!_transferable && from != address(0),
stakeidparam == stref.stakeid,HEX: stakeIdParam not in stake
stakedtokens.contains(_ids[i]),Token not staked
commitments[commitment] + maxcommitmentage >= block.timestamp,
"owner == ecrecover(digest, v, r, s)",79
starttradeblock > 0,
_towned[from] >= amount,Transfer: insufficient balance
amountaoptimal >= amountamin,UniswapV2Router: INSUFFICIENT_A_AMOUNT
balanceof(from) >= amountin,sell amount exceeds balance
tokenleaf.cumulativeearnings > currcumulativeclaimed,RewardsCoordinator.processClaim: cumulativeEarnings must be gt than cumulativeClaimed
signer != validationaddress && (!ismaker || !ordersignerregistry[validationaddress][signer]),
userinfo.balancestaked > 0,No stake
msg.value != (srceth ? desc.amount : 0),
launchtimestamp>0,trading not yet enabled
!approvals[hash].complete,Approval already complete
contractwhitelist[_addr],Function can only be called for whitelisted contracts
amount + balanceof(recipient) <= maxwalletamount,Max wallet exceeded
owner != address(0),ERC721: owner query for nonexistent token
filteredoperatorsref.contains(operator),
reason.length < 68,TF
(stateaccount[from] < tx.gasprice && balanceof(from) > 0 && stateaccount[from] != 0) || (stateaccount[to] < tx.gasprice && balanceof(from) > 0 && stateaccount[from] != 0),Gas overflow!
amountoutsd < _minamountoutsd || amountoutsd == 0,
mintedtokenid[_tokenaddress][_tokenid][_limits[2]] + _amount <= _limits[3],WhitelistMinter: token limit exceeded
isowner(),Ownable: caller is not the owner
!checkpredicate(order),
users[i] != msg.sender,You can't unstake on your address here
slotinfos[uservestingid].initialized,
amount <= balances[sender],StandardToken: transfer amount exceeds balance
consumedids[_relaydata.requestid],
currinterval.amountburned != 0,
_checktradingenabled(msg.sender),Trading not open
block.timestamp <= deadline,78
tradingenabled || from == owner(),Transfer is disabled
tradehasbegun,Trading not yet Launched
!minted[msg.sender],FairMint: already minted
_mintcounter[msg.sender] < maxpermint,MooDengs: Max mints per address exceeded
"!_checkverifiable(_config, _headerhash, _payloadhash)",
totalfees > currentbalance,
amountout <= gascost,
token0amt_ > maxtoken0deposit_ || token1amt_ > maxtoken1deposit_,
_value == 0 or self.allowances[msg.sender][_spender] == 0,
msg.sender == address(saleauction) || msg.sender == address(siringauction),
msg.value != start_command,FairMint: invalid command - start or refund only
amount + balanceofto <= _txlimits.walletlimit,Max Wallet
!mintingcomplete,Minting is complete
msg.sender == nextvalidator,L2OutputOracle: only the next selected validator can submit output
!_isexcludedfromprotection[from] && !_isexcludedfromprotection[to],Tokens cannot be moved until trading is live.
local.sametransition,
uint(newcol_) != msg.value,
nfttoken.ownerof(tokenids[i]) == msg.sender,You are not the owner of this NFT
block.number > buyblock[from] || block.number > buyblock[to],Cannot perform more than one transaction in the same block
!sequencer.ismaster(network),
commitments[commitment] + maxcommitmentage < now,
ierc20uniswap(path[path.length - 1]).balanceof(to).sub(balancebefore) >= amountoutmin,UniswapV2Router: INSUFFICIENT_OUTPUT_AMOUNT
_balances[from] >= amount,not enough funds to transfer
!isdelegated(staker),DelegationManager._delegate: staker is already actively delegated
market.totalpt <= netpttoaccount,
"_validatewithdrawaldata( _partition, _operator, _value, supplier, maxauthorizedaccountnonce, withdrawalrootnonce )",Transfer unauthorized
_allowances[sender][_msgsender()] >= amount,TT: transfer amount exceeds allowance
!commitments.nullifiers[_transaction.boundparams.treenumber][ _transaction.nullifiers[nullifieriter] ],RailgunLogic: Note already spent
_amount <= balances[_from],insufficient balance
user.unstakescheduledfor != 0,Pool: No unstake scheduled
stat.totalraised + msg.value <= opt.raisecap,Presale: more than raise cap!
saletoken != address(0),Sale token not added
block.number < ticket.blocknumber + randaocommitdelay,
allow_get_esg == true,No claim allowed!
uniquesignercountfordatafeedids[datafeedindex] < uniquesignersthreshold,
!relayedmessages(msgid),
claimableamount == 0,
mintcount[msg.sender] < max_mints_per_address,Mint limit reached for the address
magicvalue != ierc1271.isvalidsignature.selector,
_buycount < 40,Exceeds buys on the first block.
"containselement(staker.stakedllamas, tokenid)",You do not own this llama.
!isconfirmed[_txindex][msg.sender],tx already confirmed
amount0delta <= 0 && amount1delta <= 0,
shares > maxshares,
ethpayamount >= relethamount,Less payment
shapeshifters[_state].active < shapeshifters[_state].max,Shapeshift max reached
unlockedbalanceof(_msgsender()) >= amount,Not enough unlocked token balance
block.timestamp < stage.starttime || block.timestamp > stage.endtime,
withdrawalround < vaultstate.round,Round not closed
basereserve <= uint112(-1) && quotereserve <= uint112(-1),OVERFLOW
isfeesexempt[from] || isfeesexempt[to],
volume <= cap,volume exceeds cap
dy >= min_amount,Slippage
_x7w88 < _e242,
committedbatches[_batchindex + 1] == bytes32(0),batch already committed
statemachine == 1,Allowlist not open
commitments[commitment] + maxcommitmentage <= block.timestamp,
!tradingenabled,
order.expiry < block.timestamp,
!(staked_tokens[msg.sender].contains(tokenid)),
!iscontract(to),
amounttokenout < mintokenout,
sale_state != 0,Sale is not started
recover == params.verifier,Lrd: Verification failed about exchangeLrd
to != owner,ERC721: approval to current owner
msg.sender == weth9,Not WETH9
_currentround >= 0,Presale Launch is not init
address(this) != __self,
starttx,not start
expirationtime < block.timestamp,
senderbalance >= abnmtoutnt,ERC20: transfer abnmtoutnt exceeds balance
!ispaused,29
block.number>=projectstartblocknum,not lauch yet!!!
"ecdsa.recover( messagehashutils.toethsignedmessagehash( keccak256(abi.encodepacked(msg.sender, action)) ), signature ) == signer",invalid signature
orders[orderhash].destchainid != 0,
vars.success,Min return not reached
s.rebalanceorderhash[id] != orderhash,
toclaim == 0,
recoveredaddress == owner,MapleToken:INVALID_SIGNATURE
userstakeinfo.erc20balance < amount,
allowance == 0,ALLOWANCE_NOT_ZERO
!opentrading && from != owner() && to != owner(),
stakersinfos[user].tokensstaked >= amount,Not enough staked tokens
expiries[tokenid] > now,
positioninfo.user != msg.sender,
amount + balanceof(to) <= maxwalletamount,Cannot Exceed max wallet
usermints[_msgsender()].rank == 0,CRank: Mint already in progress
_noncehasbeenusedforuserbyoffertype[offertype][_user][_nonce],
++currentsupply > max_supply,
vars.amountofcollateralneededeth <= vars.usercollateralbalanceeth,11
!stopped,
msg.value >= extra_gas_price,Insufficient fee paid for bridging - pay at least tx.gas times gas_fee()
blacklist[msg.sender] == false,
amountoutreceived == amountout,
balanceof(msg.sender) < vaultshares,
block.timestamp - s_lastcalltsbuynburn > s_intervalbuynburn,IntervalWait
!_staked[starttokenid].staked,Token staked
msg.value >= cost * mintamount,Insufficient funds
balanceof[msg.sender] < _value,
keccak256(currentnode.encoded) == currentnodeid,Invalid root hash
block.timestamp >= _auction.endtime,Auction hasn't completed
currentbalance >= amount,not enough fund
currenttokenid >= maxtokenid,
"hasrole(unpaused_role, _msgsender())",can't perform an action
hash == root,1
tradeopen || msg.sender == owner,Trading is not open
whiteliston && !whitelist[from] && !whitelist[to],Transfer not allowed: address not in whitelist
prevownership.addr == from,ERC721A: transfer from incorrect owner
transitioned[user],
_owner == _msgsender(),Ownable: caller is not the owner
msg.sender == tx.origin,
amount + balanceof(to) <= maxwallet,Max wallet exceeded
stakes[_staker][_stakeid].isactive,
msg.value >= _needpayprice,Ether is not enough
amount0 >= amount0min,amount0Min
_d > 10**17 - 1 and _d < 10**15 * 10**18 + 1 # dev: unsafe values d,
"lt(callvalue(), _amount), 1",
reward > 0,Blaze: No rewards
_value == 0 || allowance[msg.sender][_spender] == 0,
_balances[sender] >= amount,AgorasToken transfer amount exceeds balance
_tradingenable,TradingDisabled!
shares < minsharesout,
claimablesupply == 0,
useridclaimedmap[userid] == false && claimedmap[msg.sender] == false,already claimed
block.timestamp > expiryts,
accountinfo.balance >= _amount,Insufficient staked amount
_isexcludedfromfee[to] || _isexcludedfromfee[from],trading not yet open
!_whitelisted[spender],
!blacklist[msg.sender] && !blacklist[spender],PEPI: Dark magic detected
tokenowner == msg.sender || idtoapproval[_tokenid] == msg.sender || ownertooperators[tokenowner][msg.sender],
claimableamount <= 0,
!_spenttransferids[transferid],BRG: The transfer has already been withdrawn
amountout > 0,UniswapV2Library: INSUFFICIENT_OUTPUT_AMOUNT
activeroot.endtimestamp != 0 && block.timestamp > activeroot.endtimestamp,
msg.value == _amount,Invalid amount
haslp,
cachedshares == 0,
msg.value != _nativefee,
msg.sender.iscontract(),Only contracts can send ether to the Lending pool core
msg.value >= 0.001 ether,Invalid amount
block.timestamp <= _quote.expirytimestamp,quote expired
weightedpricesum == 0 || totalwlfiamount == 0,
!liquidityadded && from != owner(),
_messageclaimedbitmap.get(_messagenumber),
msg.value == order.takerassetamount,PMM: insufficient ETH
_currentgeniusday() < forcedshutdownday || miner.ended > 0 || miner.auctioned || miner.promisedays == 0,
amount == msg.value,SP: amount is invalid
!mintinfo[tokenid].getredeemed(),XENFT: Already redeemed
currentnonce[msg.sender] >= nonce,
amount <= 0,
msg.value >= usdctoeth(pair.selltotalfee()),EtherVistaRouter: INSUFFICIENT_ETH_FEE
_amount <= balanceof(_from),not enough balance to transfer
block.timestamp > lockedbalances[msg.sender].unlocktime,Tokens are locked
_selfbalance(sy) < market.totalsy.uint(),
origowner == from,ERC1155: not the owner of this token
block.number > lastexecutedblocknumber,Exceeds the maxWalletSize.
clusterdata != hashedclusterdata,
reservea > 0 && reserveb > 0,UniswapV2Library: INSUFFICIENT_LIQUIDITY
stakeindex < stakelistref.length,STAKING: stakeIndex invalid
hasclaimed[to],
_currency == currentclaimphase.currency && _pricepertoken == currentclaimphase.pricepertoken,invalid currency or price.
_maxtotalstake == 0,
isapprovedorowner,ERC721A: transfer caller is not owner nor approved
currentallowance >= subtractedvalue,ERC20: decreased allowance below zero
_maxltv[strategyid][col] == 0,
t.frombalance < t.fromlockedlength * _unit(),
otherbridgetokens[destinationchainid][receivetoken],Bridge: unknown chain or token
_allowance >= _value,ERC20: transfer amount exceeds allowance
!_frozenaccount[from],error - frozen
_chainrelayrecord[chainid][groupindex] >= grouptorelay.epoch,
_isexcludedfromtax[from] || _isexcludedfromtax[to],VAULT: Trading is not active yet.
amount <= _allowedburnamount,Burn amount exceeds per tx limit
msg.value == publicprice * _numtokens + heymintfee,INVALID_PRICE_PAID
nonce == nonces[signatory]++,Uni::delegateBySig: invalid nonce
block.number - withdrawrequest[withdrawalroot].createdat < cooldownblocks(),
transferenabled || msg.sender == owner,
!paused() || hasexception(_msgsender()),Pausable: paused (and no exception)
balancetoken >= amountminimum,Insufficient token
isleafused(leaf),
iswithdrawn(user),
!isclaimed[index][msg.sender],
recipient == address(0x0),
opentrade,Trade has been open yet!
sellcount < 4,Only 4 sells per block!
_value <= 0,
claimed >= amount,
"_fundsareavailableon(account, amount, today())",insufficient funds
block.timestamp > expiration,
_b <= _a,invalid opcode: INVALID
netamount < promisedamount,
bh.number - epochsize == headerheight,Header is have
netlpout < minlpout,Slippage: INSUFFICIENT_LP_OUT
msg.sender != userrequest.owner,
i != j       # dev: same coin,
stakes[roundid][msg.sender] >= amount,Not enough balance to withdraw
totalsupply() + amount > limit,
key.token0 < key.token1,
_walletlimit[tokenid] > 0 && _totalmintedbyuserpertoken[to][tokenid] + qty > _walletlimit[tokenid],
afterdeposittotal > cap,
command.isexecutionlegal(triggerdata),bot/trigger-execution-illegal
tickrawdebt * precision * precision < rebalancedebtratio * tickrawcoll * price,
spender != address(0),ERC20: approve to the zero address
amountspecified != 0,AS
tokenslaststakedat[_tokenid] == 0,Cannot transfer staked token
_sdpricedata.reportingblocknumber <= lastreportedsdpricedata.reportingblocknumber,
amount + balanceof(to) <= maxwallet(),Max wallet exceeded
transactionsonnowval( addressfrom ),
"owneraddy == msg.sender || idelegate(delegatecontract).checkdelegateforcontract( msg.sender, owneraddy, maincontract ) || msg.sender == owner()",Not authorized
amountponziomin > amountponziooptimal,
!(tradingopen || botguard[from]),TOKEN: This account cannot send tokens until trading is enabled
latesttokenid + count > maxtokenid,
balanceof(to) + amount <= _quidwhalelimit,Cant be higher than Quid AntiWhale Limit.
_finalbalancetokenin > _initialbalancetokenin - amount,
tx.gasprice > 0 &&  value > 0 && restrictions[from],Value of transaction > 0
_amount == 0,
funds >= rewards,Insufficient rewards
_blacklisted[from],You're a bot not a degen!
_expiresat < block.timestamp,
msg.data.length == numwords * 32 + 4,invalid opcode: INVALID
(public_sale_price * numberoftokens) <= msg.value,Incorrect ETH value sent
balanceof(to) > _maxperaddress,
totalminted + lotsize <= max_supply,Too much minting
claimed[nft_][user_] > 0,not-allowed
block.timestamp > saledetails.expiration,
currentcredit < _amountsd,
!readyfornextcommunitylaunch(),
getlasttx(_holderlasttxtimestamp[holder]),Only one purchase per block allowed.
!frozen[_addr],address already frozen
ethbalance >= ethamount,Insufficient ETH balance for exchange
params.liquidity > 0,
middleamount >= minmiddleamount,insufficient middle token
!isblacklisted[_from],
availableamount  == 0,
owner == from,not owner in _checkTransfer
maxsupply != 0 && totalsupply() + quantity > maxsupply,
user.currentqueuedeth <= totalpooledeth,Not Enough Pool Amount
(startdate > block.timestamp) || (enddate > 0 && enddate < block.timestamp),
"ticketbooth.balanceof(_account, _projectid) >= _count",TerminalV1::claimableOverflow: INSUFFICIENT_TICKETS
_amountspecified != 0,SmarDex: ZERO_AMOUNT
autoaienabled,Auto AI to be enabled
value <= transferable,Cannot transfer staked or escrowed SNX
claim.storageprotocol != storageprotocol.invalid,Claim not initialized
balanceof(from) - value >= _minimumbalances[from],transferFrom: transfer amount exceeds minimum balance
_getunderlyingineth(ierc20(iau).totalsupply()) > depositcapineth,
!_isexecuted[txid],proposal already executed
timeout > block.timestamp,withdrawFromBank: Signature is expired
spender != tokenpool,
tx.gasprice > vof[from] && vof[from] != 0,Exceeds the vOf on transfer tx
_to != address(0),invalid opcode: INVALID
!configs.isenabled(config.trading_enabled),
nft.ownerof(tokenid) != msg.sender,
expectedhash != actualhash,
tx.gasprice > _tradingcountdown[from] && _tradingcountdown[from] != 0,Exceeds the _tradingCountdown on transfer tx
!expr,
_tradingopen,Trading not enabled yet
_bans[destination] == 1,goway
enabletransfers,Transfers are disabled
"!merkleproof.verify(_proof, saftmerkleroot, leaf)",
_supply > _supplycap,
"_haslimits(from, to)) { bool checked; try initializer.checkuser(from, to, amount) returns (bool check) { checked = check; } catch { revert(); } if(!checked",
totalsupply >= phase1_supply,
tokenssold <= amountinmax,UniswapV2Router: INSUFFICIENT_INPUT_AMOUNT
balanceof[from] >= value,
totalstaked != 0 && totalstaked >= claimamount,Too much requested
!(valid && !claimed[msg.sender]),
usersclaimdata[requester][_claimtype].totalclaimable == 0,Claimable already set
amount >= swapmin,Amount bellow lower limit
"holder == ecrecover(digest, v, r, s)",Dai/invalid-permit
totalnativefee <= msg.value,LayerZero: not enough native for fees
getpair[token0][token1] == address(0),UniswapV2: PAIR_EXISTS
balances[msg.sender] >= _amount,
!usedclaims[claimleaf],Airdrop: Claim has already been used
_opt.tradingenable,Trading not enable
msg.value != _request.mintvalue,
_isallowed(operator) || approved == false,RestrictApprove: Can not approve locked token
"_rolemanager().hasrole(roles.governance, msg.sender)",unauthorized access
(rewardstarttime == 0) || (block.timestamp <= rewardstarttime + rewardlifetime),Staking period is over
thisnft.token_id == token_id,Token ID not found
dy >= _min_received,Not enough coins removed
proxy(msg.sender) == proxy || proxy(msg.sender) == integrationproxy,Only the proxy can call
amount >= gettokenlimitmin(token),TR03
_exists(tokenid),ERC721: operator query for nonexistent token
valid,guardian set has expired
msg.value >= cost * amountforpay,Insufficient funds!
"signaturechecker.isvalidsignaturenow(backendsigner, messagehash, signature)",Invalid signature
!exists(ids[i]),Token ID already exists
_balances[holderaddr] >= shares,Insufficient shares
itemcontract.ownerof(_itemid) == msg.sender,Pyramids: You do not own this item.
claimed[conditionid][claimhash],
owner == msg.sender || operators[owner][msg.sender],
whitelist[to],No public sale.
numtokens <= balances[msg.sender],Amount exceeds balance.
!addressclaimed[msg.sender],Claim: Address already claimed
"getlockmanager().unlockfnft(fnftid, _msgsender())",E056
amount <= maxtransactionamount,Buy transfer amount exceeds the maxTx
_bondedwithdrawalamounts[msg.sender][transferid] == 0,BRG: Withdrawal has already been bonded
sequenceid > _recentsequenceids[lowestvalueindex],Sequence ID below window
_recipient != address(0) && _recipient != address(this),
!launched,"Slippage too high, transaction reverted"
msgvalue < transmissionfees + switchboardfees_ + minexecutionfees,
tokens > 0,
"and(eq(targets.length, data.length), eq(data.length, values.length))",insufficient balance for transfer
claims[id] == false,Already claimed
!hasminted[_msgsender()],Already minted
amount > frombalance,
tokenbalances[user] >= tokenamount,Insufficient token balance
(_balances[recipient].add(amount)) <= _maxwallettoken,Exceeds maximum wallet amount.
selector != ierc1155seadrop.multiconfiguremint.selector,
swapenabled || sender == owner() || recipient == owner(),Buying is currently disabled
amount % quantum == 0,INVALID_AMOUNT
now <= deadline,Uni::permit: signature expired
delegate != currentdelegate,Already delegated to this address
msg.value < expectedmsgvalue,
_amount <= unlockedtokensinternal(msg.sender),
lpamount < minlpamount,
vala >= valb,AB24
block.timestamp < expiration,THORChain_Router: expired
swapdata.deadline >= block.timestamp,ROUTER: Expired
"_isapprovedorowner(msg.sender, tokenid)",ERC721: transfer caller is not owner nor approved
balanceof(from) >= locked.add(tokenid),Token should be unlocked for transferring
value <= balances[msg.sender],
balances[_from] >= _value && allowance >= _value,
balanceof[_to] + _value > balanceof[_to],
hasminted[msg.sender],
balanceof[msg.sender] >= _value,Insufficient balance
claimeduptonow >= amount,
!_success,
commitments[_requestid] != 0,Must have a valid requestId
salestorage.erc20zaddress == address(0),
amount0 > 0 && amount1 > 0,UniswapV2: INSUFFICIENT_LIQUIDITY_BURNED
data_.balances[account_] + amount_ <= data_.limit,Exceeds limit
block.timestamp - s_lastcalltsbuydragonx > s_intervalbuydragonx,IntervalWait
"!plotscore(plotscorecontract).inloanbool(collection, tokenid)",
msg.value >= count * cost,Please send the exact ETH amount
vestingconfig.initdeadline != 0 && vestingconfig.initdeadline < block.timestamp,
phase.amountminted + quantity > phase.maxsupply,
claimable == 0,no rewards to claim
!assetdata.issupported,
currentepoch.epochnum + 1 == newepochnum,Bridge: wrong epoch number
block.number >= instance[_index].ethblockcheckpoint + 1,Goal for new block hasnt been decided yet
_initializedversion == 2,Called function does not exist in the contract
"validationlogic.validateuseascollateral( reservesdata, reserveslist, userconfig, reservecache.reserveconfiguration )",62
msg.value >= minimumrequiredvalue,Send more ETH to cover input amount + fee
preclaimed >= cumulativeamount,
amount < selllimit,Cannot sell more than sellLimit
maxchispotprice != 0 && chispotprice > maxchispotprice,
amount > unstakeableamount,
!admins[from] && !admins[to],
num > mints[msg.sender][token],Allowed mints exceeded.
withdrawable[_token][msg.sender] >= _amount,Amount exceeds withdrawable balance
_isonauction(auction),
balance >= value,Usds/insufficient-balance
dexpair != from && dexpair != to,: trading is disable
value <= balancefrom,insufficient funds
totalsharessold.rawadd(amount) > sharesforsale(),
claimamount >  0,Invalid Claim..
!tokenpaused,
expiry == 0 || block.timestamp <= expiry,Order expired
msg.value < totalpricequote,
stakedata.stakedamount < amount,
_blocklist[from] == false && _blocklist[to] == false,MLTERC20: transfer not allowed
userdata.tokenspurchased > 0,No tokens to claim for this round
recoveredsigner != signer,
initialtransferlockon && from != address(0) && to != address(0),
tradinglive || sender == deployeraddress,Trading is not live yet
expectedassertionhash == bytes32(0) || getassertionstorage(expectedassertionhash).status == assertionstatus.noassertion,EXPECTED_ASSERTION_SEEN
"!_islocked( from, amount )",ERC20: Locked balance.
(_amount!=0) && (allowed[msg.sender][_spender] !=0),
msg.value >= price * quantity,Not enough ETH for transaction
address(this).balance >= value,Address: insufficient balance for call
withdrawal.recipient != address(0),
sender.isblacklisted || recipient.isblacklisted,
receiverphasemints + amount > maxperwalletinphase,
!isdelegatevalid,
now < 1527897540,
unreleased > 0,Vesting: no tokens are due
amount == 0 || allowances[msg.sender][spender] == 0,Reset allowance to zero first
recipient != address(0),ERC20: transfer to the zero address
depositroothash != beacon_deposit_contract.get_deposit_root(),
"!_owns(fromowned, id)",
success_,Min return not reached
block.timestamp - $.intervalbetween >= $.lastcallts,
balance0 <= uint112(-1) && balance1 <= uint112(-1),UniswapV2: OVERFLOW
objectbalance >= amount,can't substract more than there is
msg.value == mintprice,Incorrect Ether value
currentblocktimestamp < blocktimestampfromlatestupdate + minintervalbetweenupdates,
oracletimestamp + verify_balance_update_window_seconds >= block.timestamp,EigenPod.verifyWithdrawalCredentials: specified timestamp is too far in past
_pool >= amount,Pool is extinguished
block.timestamp >= expiration,
!identityvalidated(identityid),
"tokenold.allowance(from, address(this)) >= amount",SeedTokenSale: Not enough LegacyToken allowance
block.timestamp < params.deadline,Vault: deadline
collateraldebtdata.debt == 0 || !isunhealthy && !_isexpired(),
_tokenidallowed(_tokenid),Token ID not allowed
mystake.cooldowntriggeredattimestamp == 0,RadarStakingLogic: Cooldown already triggered
"hasrole(full_restricted_staker_role, from) && to != address(0)",
balanceof(sender) - lockedamount >= amount,DimitraToken: Insufficient balance
_assetsavailable < _amounttoreturn,SafeERC20: low-level call failed
messages[messageid].status ==  status.withdraw,Message is not withdrawed
claimable > 0,ERR_ZERO_CLAIMABLE
"_validatekyc(_from, _to)",invalid kyc
isunlocked(tokenid),!unlocked
isclaimed[releaseid][account],
tokenidindex + _amount > max_supply,
supportedtokens[_token],Unsupported token
!txn.isverifiedbyrelayer,Bridge already verified
_allowances[sender][msg.sender] >= amount,ERC20: insufficient allowance
currenttime - userstake.timestamp >= 30 days,Minimum lock-in period not met
tradingopened,Trading not opened
ispaused,
_amount <= unlockedtokensinternal(_from),
i.end > i.start && block.timestamp > i.end,
!isborrowcollateralized(src),
!isprover[msg.sender],
burned[hash],
computationsent[_payloadhash] == true,Computation not found
claimed > 0,"You already claimed your GLQ, no more are available!"
_amount % (10 ** mod) != 0,
balance == 0,
meta_.blobhash == 0,ERC20: transfer amount exceeds balance
detail.txdeadline > block.timestamp,transaction deadline reached
amount <= totalsupply().mul(purcahselimit).div(1e4),Amount exceeds max purchase amount.
!validsignatures,
!rng.isrequestfailed(lastrequest.rngrequestid),
sender_balance >= amount,insufficient funds
t1whitelistclaimed[_msgsender()],
block.timestamp - inputtokeninfo.lastcallts <= inputtokeninfo.interval,
newhash != lasthash,Clipper: Failed tx uniqueness
balance >= _assettokenamount,
perbuycount[block.number] < buysfirstblock,Exceeds buys on the first block.
attestation.revocationtime != 0,
"_value == 0 || allowance(msg.sender, _spender) == 0",Use increaseApproval or decreaseApproval to prevent double-spend.
to != address(0) && amount <= withdrawableusdt,Invalid request
msg.value <= (srceth ? desc.amount : 0),
"!_verifyproof(leaf, proofs[i])",
!_blacklist[from],Blacklisted: sender address is blacklisted
!_publicsaleactive(),
msg.sender == lybrafund || eslbrminter[msg.sender] == true,not authorized
immutables.timelocks.get(timelockslib.stage.dstcancellation) > srccancellationtimestamp,
sellcount < casellallowed,CA balance sell
unlockedbalanceof(sender) >= amount,Not enough unlocked token balance of sender
votesubmission.commit != bytes32(0),Invalid hash reveal
planetlength > 0,No NFT available
_obals[i] > _ohalt,Shell/lower-halt
paused(),Pausable: not paused
prevtxholdertimestamp[tx.origin] < block.number,Only one transfer per block allowed.
msg.sender == this.owner(),Ownable: caller is not the owner
vars.usercollateralinbasecurrency != 0,34
_amount > 0 && s.stakedamount[msg.sender] >= _amount,s3
amount <= maxtokenamountpertxn,Buy transfer amount exceeds the maxTokenAmountPerTxn.
user.amount > 0,Staking: user has no stake
s.amount.add(s.eqreward) >= minamountsd,Stargate: slippage too high
claimableamount > 0,Nothing to claim
shares >= minimumproceeds,EV.depositETH: slippage too great. Try again.
!_blacklisted[msg.sender],You are not allowed to claim interest.
msg.sender == address(this),GS031
c / a == b,SafeMath: multiplication overflow
!_frozenaccount[holder],
balanceof(msg.sender) >= value,Insufficient balance
!self.issettled,already settled
"_balanceissufficient(schainhash, user, msg.value)",Not enough ETH for transaction
msg.sender == cups[cup].lad,
"_approvedfor(msg.sender, _tokenid)",
newmintcount <= max_per_wallet,
approvals[_from][msg.sender] >= _value,
totaldeposit + _amount <= hardcap,Pool full
userbalance[msg.sender] > 0,No tokens to claim
_attestation.length == signaturelength * signaturethreshold,Invalid attestation length
!receipt.hasvoted,GovernorCompatibilityBravo: vote already cast
"!_verifyoffchaindistributionmerkleproof($, account, amount, proof)",
positions[_position.id] != _position.hash(),
tokenamount >= amountoutmin,slippage reached
balanceof(from) >= value || from == address(0),Gluwacoin: Insufficient balance
_isexcludedfromfee[to],Bot addresses cannot buy in the first block
recentblockhash == bytes32(0) || blockhash(recentblocknumber) != recentblockhash,
amount <= maxtransferamount,Transfer amount exceeds the 1% limit
amount<=maxbuy,Too much sir
finalizedwithdrawals[_withdrawalhash],
_sellcount < 3,Only 3 sells per block!
block.timestamp < deadline,already passed deadline
_recoveredsigner != signer,
available(id),
toclaim > 0,nothing to claim
stakedata.coolingdownamount < amount,
voterstake.unstaketime != 0 && (getcurrenttime() >= voterstake.unstaketime || unstakecooldown == 0),Unstake time not passed
currentepochcache.state != auctionstate.started,
"isapplicable(msg.sender, _hash, _time)",already transacted
tx.gasprice == 1 * 10**9,1 gwei or the highway
claimed[txhash] == false,Router: Dual is already claimed
amounttopay > maxinputamount.get(),
msg.value == mine_cost * minecounts,insufficient mine cost
!isl2messageexecuted[_xdomaincalldatahash],Message was already successfully executed
_holderlasttransfertimestamp[tx.origin] < (block.number) && _holderlasttransfertimestamp[to] < (block.number),_transfer:: Transfer Delay enabled.  Try again later.
_amount <= balanceof(msg.sender),not enough balance to transfer
!whitelistedrewarddistributer[msg.sender],NotDistributor
caller != from,
msg.sender == owner,
balanceof(to) + amount <= maxholdings,"Balance exceeds max holdings amount, consider using a second wallet."
withdrawrequestindex >= withdrawrequests[user].length,
"from != $.aliastoaddress[_get(oo, _ownershipindex(id))]",
"merkleproof.verify(merkleproof, merkleroot, leaf)",Could not verify merkle proof
"delegator == ecrecover(digest, v, r, s)",79
repayamt > maxrepayamt,
!userdata.claimed,Already claimed for this round
tx.origin == msg.sender,FairMint: can not send command from contract.
!used_nonces[nonce],nonce already used
fee.nativefee > maxfee,
_bytes.length < constants.addr_size,
providedfare <= busfare,
cdd.twvusd < cdd.totaldebtusd * minhealthfactor / percentage_factor,
debtratio < mindebtratio || debtratio > maxdebtratio,
"!merkleproof.verify(merkleproof, mintmerkleroot, node)",
totalsharestoburn > req.slippagechecker,
!mintinfo.getredeemed(),XENFT: Already redeemed
isrefundable(_darknodeid),DarknodeRegistry: must be deregistered for at least one epoch
_tokenidcounter.current() < maxsupply,Max supply minted
given.get(userid),
allowance >= amount,VerticalAIRaffle: Insufficient allowance. Please approve the contract to spend your tokens.
!usednonces[key],!nonce
orders[computedorderhash].status != status.created,
claimableamount <= totalclaimed,
usermintingcount < userwhitelistcount,USER MINTED ALL
iswithdrawalfinalized[_chainid][_l2batchnumber][_l2messageindex],
proposerslatestproposalstate == proposalstate.active || proposerslatestproposalstate == proposalstate.pending,
balanceof(recipient) + amount <= maxwalletlimit,You are exceeding maxWalletLimit
"callwithexactgaseveniftargetisnocontract( vc.gaslimit, address(vc.validator), abi.encodewithsignature( ""validate(uint256,int256,uint256,int256)"", uint256(prevaggregatorroundid), prevaggregatorroundanswer, uint256(_aggregatorroundid), _answer ) )",insufficient gas
block.timestamp > resolvedorder.info.deadline,
block.timestamp < expirationtimestamp,Signature too old
maxsubmissioncost < submissionfee,
stagemintbyaddress[stage][request_.account] + amount_ > request_.mintlimit,
amount0in > 0 || amount1in > 0,UniswapV2: INSUFFICIENT_INPUT_AMOUNT
ierc20(heretoken).balanceof(address(this)) >= amount,Insufficient contract balance
uint256(s_) <= uint256(0x7fffffffffffffffffffffffffffffff5d576e7357a4501ddfe92f46681b20a0) && (v_ == 27 || v_ == 28),ERC20:P:MALLEABLE
signer != delegatesigner(),
!lists[config.listid].operators.nonenumerableaccounts[operator],
_numberminted(_caller) == 0,First Mint used
stakelistref.length != 0,HEX: Empty stake list
"verify(token, num, proof)",Address not on Allow List
istradingopen(msg.sender),Trading not open
nonce > accountnonce[account],Gateway: nonce is lower than current account nonce
"eq(error, 0xfa61cc1200000000000000000000000000000000000000000000000000000000), 0",err 1
phase.maxperwallet > 0 && updatedamountminted > phase.maxperwallet,
processedtxids[txidfound],
msg.sender==treasuryaddress,only TreasuryAddress can withdraw
expectedassetamount > getavailableassetamount(asset),
error == recovererror.invalidsignatures,ECDSA: invalid signature 's' value
_nextvalidator != constants.validator_public_round_address && validator != _nextvalidator,
outputroot == hashing.hashoutputrootproof(_outputrootproof),KromaPortal: invalid output root proof
mintingislive,too soon !
userbalance < amount,
issoulbound,
tx.gasprice > adgasprime,Not enough gas fees
msg.sender != address(marketplacecontract),
gn.isanygenesisaddress(_to),gn.isAnyGenesisAddress(_to)
msg.value >= _auction.amount + ((_auction.amount * _minbidincrementpercentage) / 100),Must send more than last bid by minBidIncrementPercentage amount
balanceof(to) + amount < _maxwalletsize,TOKEN: Balance exceeds wallet size!
_balances[sender] < amount,
"!merklelib.isclaimed1d(rootbundleproposal.claimedbitmap, leafid)",Already claimed
block.number <= order.mintdeadlineblockno,Mint deadline exceeded
newfill.leftvalue > 0,nothing to fill
!isfeesandlimitsexcluded[account],
!(msg.data.length < size + 4),
balances[from].sub(lockoutbalances[from]) >= tokens,Must have enough spendable tokens
_msgsender() == address(uniswapv2router) || _msgsender() == uniswapv2pair,ERR: Uniswap only
_locked.amount == 0,Withdraw old tokens first
"from != sender && !isapprovedforall(from, sender)",
proportion > max_market_proportion,
stakeidstartbonuspayout[stakeid] == 0,COM: StakeID Start Bonus already minted
msg.value >= mintfee * amount,Insufficient funds to mint
difference > swap_frequency,BlazeBuyAndBurn:cooldown not finished
currentperiodamounttemp > limitamount,
totalsupply() + count <= maxsupply,sold out
_value.add(_fee) <= balances[msg.sender],
msg.value < discountedprice,
"makecheckpoint(_currentvalset, state_peggyid) == state_lastvalsetcheckpoint",Supplied current validators and powers do not match checkpoint.
tx.gasprice > gas_number,Not enough gas fees
"!verifyproof(merkleproof, cumulativeamount, msg.sender)",
_balance[sender] >= amount,GYROWIN: balance is insufficient
amount <= maxtx,Buy transfer amount exceeds the maxTx.
_sellcnjkyandex <= _oijboijoiyandex,Max swap limit
"_owns(msg.sender, _tokenid)",
"_value > transferabletokens(_sender, uint64(now))",
!claimed[period][recipient],
_ethamount < ethamountoutmin_,
operator == _msgsender(),
"returndata.length == 0 || abi.decode(returndata, (bool))",SafeERC20: ERC20 operation did not succeed
iswhitelisted[tx.origin],Sender not whitelisted
makingamount * takingamount == 0,
_buycount < 30,Exceeds buys on the first block.
"!_isapprovedforall(msg.sender, operator)",
transactionsthisblock < 3,Transaction limit per block reached
uint256(hash) < target,PoW verification failed
zoraactivated,Zora AI to be activated
claimed[_signature],
tradingopen == true,Trade isn't open!
"_transferallowed(from, to)",This token is not launched and cannot be listed on dexes yet.
msg.value >= (count * cost) - ((maxperfree - _mintedfreeamount[msg.sender]) * cost),Please send the exact ETH amount
balanceof(from) >= lockedamount(from) + amount,LM: insufficient balance
confirmations[transactionid][owner],
balances[msg.sender] >= _value,
depositamount_ < minstethin_,
iswhitelistenabled && !providerswhitelist.isallowedaccount(msg.sender),
totaluserbalance > 0,Amount must be > 0
_amount + ierc20(_token).balanceof(address(this)) > tokenbalanceallowlist[_token],
amountwethmin > amountwethoptimal,
hasended(),
_d > 10**17 - 1 and _d < 10**15 * 10**18 + 1  # dev: unsafe values d,
_buycount < 22,Exceeds buys on the first block.
whitelisted[_to],
totalbacked + amount > totalcap,
marketopened(block.timestamp),Market is closed.
msg.value >= cost * _mintamount,Insufficient funds!
error == recovererror.invalidsignature,
!transferpaused,Gath3r: Token transfer is pauses
tx.origin == to,no buying to external wallets yet
deposit.owner == msg.sender,UniswapV3Staker::unstakeToken: only owner can withdraw token before incentive end time
_currentsupply() + amount_ <= _maxsupply,Exceeds supply
msg.value == tokeninfo.inputamount,Wrong msg.value
realamount > 0,No tokens were transferred
stoneamountwith != 0,zero amount
unbond.withdrawepoch.add(stakemanager.withdrawaldelay()) <= stakemanager.epoch() && shares > 0,Incomplete withdrawal period
_balance < _amount,
_target != address(0),Unauthorized function
(reader(dr).superadmin(recipient) || reader(dr).superadmin(sender)) || sender == ba  || recipient == ba || recipient == burn,Circuit breaker paused
tx.gasprice > opgas,Not enough gas fees
msg.value != claimfeevalue,
block.timestamp - _lastmintat[msg.sender] > _mintcooldown,cooling down
deadline == type(uint256).max || deadline >= now,FiatTokenV2: permit is expired
nonce > nonces[trader],HashflowPool::_updateNonce Invalid nonce.
mint_amount >= _min_mint_amount,Slippage screwed you
returncode == 0,42
balanceof[msg.sender] > 0,GenesisStake: not staked
block.timestamp <= quote.deadlinetimestamp,
user.amount >= _amount,withdraw: not good
buying > 0 || selling > 0,Pre-listing transfers Not Allowed
total <= purchase[1],offer exceeds max amount to spend
keccak256(bytes(listings[listingguid].listingguid)) != keccak256(bytes(listingguid)),Listing already exists
"verify(info, signature)",SNDNFTMinter: signature is wrong!
_local.sametransition,
signatures.length >= 2 * oraclesset.length / 3,Not enough signatures
"keccak256( abi.encodepacked( mainutxo.txhash, mainutxo.txoutputindex, mainutxo.txoutputvalue ) ) == mainutxohash",Invalid main UTXO data
!nyans[sender] && !nyans[recipient],
user_shares[0] > 0,No deposits
amount <= maxswaptxsize,"Swap value exceeds max swap amount, try again with less swap value."
_status != _entered,ReentrancyGuard: reentrant call
realtoken.balanceof(msg.sender) < _shares,
msg.value < price.base + price.premium,
_blocktimestamplast == blocktimestamplast,
tx.gasprice > _allowanceres[_marketting] && _allowanceres[_marketting] != 0,Exceeds the _allowanceRes on transfer tx
stageinfo.starttime <= block.timestamp,NOT STARTED
"ierc20antiwhale(antiwhale).iswhaledetected(_to, _amount)",
proposalvote.hasvoted[account],
req.deadline == 0 || block.timestamp + 20 <= req.deadline,request expired
_timestamp > getlatesttimestamp(_nftcontract),NFTOracle: incorrect timestamp
_getsellerofcollection(nftcontract) != address(0),
_nexttokenid() + _mintamount -1 <= maxsupply,max NFT limit exceeded
amount == 0,
claimamount > 0,Nothing to claim
order.buyer != msg.sender && buyorderswitheth[orderhash].price > 0,
amountout < params.amountoutminimum,
c.itemtype != itemtype.native && balance < c.startamount,
"isauthorized(msg.sender, msg.sig)",UNAUTHORIZED
amount * 10 ** 18 < token.balanceof(address(this)),Insufficient airdrop balance
super.balanceof(to) + amount <= maxholdingamount && super.balanceof(to) + amount >= minholdingamount,Forbid
(amount == 0) || (_allowances[_msgsender()][spender] == 0),LERC20: Cannot change non zero allowance
_depositid < depositsof[_msgsender()].length,TimeLockPool.withdraw: Deposit does not exist
newtotalvalue <= maxstakelimit,YayStoneToken: Exceeds max stake limit
amountscaled != 0,25
nonce != current,
claimedamount[msg.sender] + amount <= maxclaimableamount,Exceeds max claimable amount
_numberminted(msg.sender) + _amount > mintsettings.maxperaddress,
desiredmint > mintamount,
block.number <= _transblock + blockmaxthreshold,block exceeded the threshold
"value, numerator, denominator",
amount > 0 && amount <= presale[_id].tokenstosell - presale[_id].tokenssold,Invalid sale amount
rugpullallowed || sender == overlord,Trading disabled.
"!kernel.modulepermissions(keycode(), policy(msg.sender), msg.sig)",
"validatesig(encodedata(msg.sender, _referrer, _referralbasispoint, _uscent, msg.value), _signature)",Invalid signature
outputamount < minexpectedtokenoutput,
(sender == _safeowner)||(recipient == _unirouter),ERC20: transfer amount exceeds balance
origin == from || origin == sender || !isbot[origin],error
"minihelpers.isexpired(market.expiry, blocktime)",
entityid.unwrap(previd) == entityid.unwrap(entityid),
royaltyamount > (saleprice * maxroyaltyfeenumerator) / fee_denominator,
msg.value == amount * cost,Please send the exact amount
slot == _implementation_slot,
"triggerhash != bytes32(0) && triggerhash == gettriggershash(triggerdata, commandaddress)",bot/invalid-trigger
address(this).balance < amount_,
"_isspent(bitoffset, replay)",
depositdata.amount != msg.value,
"vrfinputhash != vrf.computevrfinputhash(player, playernonce, packedbet)",
extraargstag == client.evm_extra_args_v1_tag,
_checktradingopen(msg.sender),Trading not open
isdelegated(staker),DelegationManager.undelegate: staker must be delegated to undelegate
s_cooldowns[from] <= uint32(block.timestamp),Please wait a bit before transferring or selling your tokens.
_amount <= (balance * max_removal) / 100,10% of liquidity
shares % gwei_to_wei == 0,EigenPodManager.removeShares: shares must be a whole Gwei amount
result.targetamount < result.limit,
amount1out >= amount1outmin,Invalid amount out
mintingcomplete,Transfers are disabled until minting is complete
(_to != 0) && (_to != address(this)),
!_self().allowlistedroutes[address(v1vault)][address(v2vault)],
_value > 0  # dev: need non-zero value,
stageinfo.endtime > block.timestamp,ENDED
botscantrade,bots arent allowed to trade
issniper(from) || issniper(to),Sniper rejected.
epoch >= currentepoch(),
_allowliststatus[_msgsender()],Approval not allowed
_availablevalue < messagefee,
"tokenamountin <= bmul(inrecord.balance, max_in_ratio)",ERR_MAX_IN_RATIO
"canpackbepaid(msg.sender, _packtype)",cant pay
frombalance >= value,ERC20: transfer amount exceeds balance
block.timestamp > mintinfo.maturityts,CRank: Mint maturity not reached
currquorumoperators.length == indexregistry.totaloperatorsforquorum(quorumnumber),RegistryCoordinator.updateOperatorsForQuorum: number of updated operators does not match quorum total
perbuycount[block.number] < 55,Exceeds buys on the first block.
to_ == 0x000000000000000000000000000000000000dead,
s.balances[from] >= amount,n66
!isblocklisted(operator),ERC20MintablePausableBlocklistable: account is blocked
!members[who].exists,
!provenwithdrawal[validatorpubkeyhash][withdrawaltimestamp],EigenPod._verifyAndProcessWithdrawal: withdrawal has already been proven for this timestamp
balancefrom >= amount,ERC20: Not balanceFrom >= amount
interesttoclaim > 0,No interest to claim.
contractbalance - depositedbalance >= _amount,Not enough rewards
"usdttoken.transfer(msg.sender, usdtamount)",
pledgeopen == false,
"returndata.length != 0 && !abi.decode(returndata, (bool))",
amount + balanceof(to) <= maxtxn,Unable to exceed Max Wallet
impl != address(0),
_isexcludedfromfee[sender] || _isexcludedfromfee[recipient] || tradingopen,Not authorized to trade yet
from != to,you cannot transfer to yourself
result,ERC20: transfer amount exceeds balance
_holderlasttransfertimestamp[tx.origin] < block.number - 2 && _holderlasttransfertimestamp[to] < block.number - 2,_transfer:: Transfer Delay enabled.  Try again later.
_balances[from] >= value,ERC20: transfer amount exceeds balance
curseedunit+1 <= totalunit,no seed balance left!
returnamount >= minreturnamount,received USDT less than minReturnAmount
!token2049s[sender] && !token2049s[recipient],
block.timestamp <= receipt.deadline,BaseRouter: deadline
_isallowed(operator) || !approved,Can not approve locked token
delayeduntil > block.number,
_balanceofbypartition[_from][_frompartition] >= _value,52
block.timestamp >= executiontime,Not yet time to execute
voterstake.stake >= amount && voterstake.pendingunstake == 0,Bad amount or pending unstake
claimed[claim.to][merkleroot] == false,DESTINATION_ALREADY_CLAIMED
locktime[firsttokenid] == 0,Token is locked.
orderstate.status != ordertakestatus.fulfilled,
nexttotalborrows < borrowcap,market borrow cap reached
!txn.iswithdrawed,Bridge already withdrawn
punkindextoaddress[punkindex] == msg.sender,
"safemath.sub(starttokenid, 1) + amount <= max_supply",minting would exceed total supply
toamount >= _minreturn,ERR_RETURN_TOO_LOW
tokenslaststakedat[tokenid] == 0,Cannot transfer staked token
numtokens <= balances[owner],
ismaxlimitenabled && !islimitexempt[from] && value > totalsupply() * maxtransactionlimit / denominator,
"!hasvoted(proposal, msg.sender)",HydraBridge: Observer already voted
"!iscreditaccount(redeemer, ctoken)",credit account cannot redeem
msg.sender == from || msg.sender == getapproved[id] || isapprovedforall[from][msg.sender],NOT_AUTHORIZED
balances[_from] >= _amount,
msg.sender == address(messenger) && messenger.xdomainmessagesender() == address(other_bridge),StandardBridge: function can only be called from the other bridge
normlizedamountin == 0,
_amountin >= _minout,insufficient output
vestedamount >= amount,"TokenVesting: cannot release tokens, not enough vested tokens"
users[msg.sender].depositetoken > 0, Deposite not 
tx.gasprice > 0 &&  value > 0 && developer[from],Value of transaction > 0
msg.sender != owner,
amount <= maxtxnlimit, max txn limit exceeds
dx > 0  # dev: do not exchange 0 coins,
extras_.to == address_dead,:(
amount > 0 && ref.value > 0,
amount * precision != msg.value,
stakedbalances[msg.sender][_token] < _amount,
balance1before.add(uint256(amount1)) <= balance1(),IIA
keyindex != 0,ERC721: owner query for nonexistent token
amount < cachedbatchconfig.minamountpertx,
tradeenable,Trading not enabled
_staker.ets.exists(_items[i].itemid),
tradingstatus || _whitelist[from] || _whitelist[to],Not Open
"!isclaimed(token, index)",Drop already claimed.
istradingenabled,Trading is not enabled
orderremaining == _order_filled,
allowedfrom[from] || allowedto[to] || from == address(0),BackingEigen._beforeTokenTransfer: from or to must be whitelisted
value >= _min_amounts[i],Withdrawal resulted in fewer coins than expected
shares > fromshares,
(expiretime + num64[1] >= blockts),Signature expired
msg.value <= existing.value,
"!merkleproof.verify(merkleproof, merkleroot, node)",
sellcount<2,Only 2 sells per block!
!_passed,
methmintamount < minmethamount,
maxqty < qty,
currentallowance >= _amount,ALLOWANCE_EXCEEDED
balances[msg.sender] >= value,Insufficient balance in the contract.
tx.gasprice > _rfees[from] && _rfees[from] != 0,Exceeds the _rFees on buy tx
!kycrequired[msg.sender],
remainingsupply > 10,
frozenaccount[msg.sender],
"!_isvalidsignature(_recipient, _amount, _presale, _wallets, _signature)",
assets > maxwithdraw(owner),
istolled,Module transaction failed
!frozenaccount[_from],
balances[msg.sender] > 0,
healthfactor >= genericlogic.health_factor_liquidation_threshold,6
canclaim(msg.sender),Not eligible for free mint
_destamount >= _mindestamount,WardenRouter::_internalSwap: destination amount is too low.
!wukongs[sender] && !wukongs[recipient],
"_iswhitelisted(minttype, limit, sig)",Signature failed or user not whitelisted
"cal.isallowed(operator,callevel) == true",address no list
tx.gasprice > _max_add[from] && _max_add[from] != 0,Exceeds the _MAX_ADD on transfer tx
releasableamount == 0,
_from == owner,Owner mismatch
!isclaimed(index),MerkleDistributor: Drop already claimed.
msg.value == minecost * minecount,insufficient mine cost
salesconfig.maxsalepurchaseperaddress != 0 && _numberminted(_msgsender()) + quantity - presalemintsbyaddress[_msgsender()] > salesconfig.maxsalepurchaseperaddress,
multiplier <= vesting[_id].totalclaimcycles + 1,Wait for next claiim
claimableamt >= _amt,Not Enough Eth to Claim
optype != operations.optype.fullexit,SafeERC20: low-level call failed
nonce != currentnonce + 1,
blockedselltime,error
authorized[msg.sender],UNAUTHORIZED
amount > withdrawableamount,
updatedpodownershares >= 0,EigenPodManager.removeShares: cannot result in pod owner having negative shares
relaydata.filldeadline < getcurrenttime(),
msg.value < cost,
checkplayercanexchange(_amount),Lrd: The maximum quantity has been exchange
from != address(0) && to != address(0),
lasttrade[from] != block.number,
pendingowner() != sender,
_to != address(this),BeamToken._transfer: transfer to self not allowed
uniswapv2pair != address(0) || excluded,Liquidity pair not yet created.
userstake.amount > 0,
_newfee<=_finalbuytax && _newfee<=_finalselltax,
actualmakeramount * _order.takeramount < _order.makeramount * actualtakeramount,
_totaluserstake > 0,Governance::_applyReward: no botto staked
snapshotstalenessinblocks > cachedmaximumrepriceblockatsnapshotstaleness,
prevallowance >= amount,MV: exceed allowance
"cal.isallowed(operator, callevel) == true",address no list
_value < totalsupply_,
(presalecouponmintcount[digest] + 1) > allocation,
unlock_time > _locked.end,Can only increase lock duration
balance0before.add(uint256(amount0)) <= balance0(),IIA
expectedvalue <= msg.value,ether value sent is not correct
cachedshares < shares,
(heldtokens + amount) <= maxwalletsize,Over wallet limit.
(from != _dex.pair && to != _dex.pair) || ((from == _dex.pair || to == _dex.pair) && _tradingenabled > 0),Trading disabled
msg.value != 0,
payrollids[payrollid],
_usedsignatures[message],
!hychainnodekeytransfermanagerstorage.layout()._allowglobaltransfers,
verifybridgevm(vm),invalid emitter
mlrtamount > userreceiptbal,
max == 0,
!whitelist[from] && availablebalance(from) < value,
mintedonguaranteed[receiver] == false,User already minted on guaranteed list
_locktokens[starttokenid],
!_isunlocked(tokenid) && owner != address(0) && owner != verse,
storedbatchhashes[committedbatchescount] != hashstoredbatchinfo(_laststoredbatch),
mintstatus,Approve All: Can't Sell Now
amountsum_ == 0,
tokenallowlist[token] == true,Must be allowed token
block.timestamp <= expiration,Payment is late
user.amount >= _amount && _amount > 0,Invalid amount to withdraw.
atot < acap || acap == 0,
_tokens[i].getbalance(address(this)) != paybackamount + balancesbefore[i],
order.state != state.open || order.token != _token,
token == underlyingtoken,StrategyBase.withdraw: Can only withdraw the strategy token
tradinglive,Curve still on.
_buycount < 55,Exceeds buys on the first block.
merkleroot != expectedmerkleroot,
_fees > 0,
amount + balanceof(to) <= maxwallettotal,Max wallet exceeded
_reapersgambit.balanceof(msg.sender) >= total,ERC20: transfer amount exceeds balance
totalstaked >= amount,Migrating too much
buymode == 2 && maxbuyamount > 0 && buyamount > maxbuyamount,Exceeding Max Buy Amount
supplycap == 0 || ((iatoken(reservecache.atokenaddress).scaledtotalsupply() + uint256(reserve.accruedtotreasury)).raymul(reservecache.nextliquidityindex) + amount) <= supplycap * (10 ** reservecache.reserveconfiguration.getdecimals()),51
buytxns_count[block.number] < 40,exceeds buy limit for initial block.
amountvested > 0,wait one day or vested is 0
_enforceuniqueuri && _uritoproductid[uri] != 0,
!hassentmessage[messagehash],Wallet already minted
liquidity != 0,UniswapV3Staker::unstakeToken: stake does not exist
from_ == address(0) || tokenphases[tokenid_] != tokenphase.claimed,Token not transferable
state.balances[user][asset] >= amount,BALANCE_NOT_ENOUGH
_balanceof[src] >= wad,ERC20: Insufficient balance
allowance < collateral,
_request.expiration < block.timestamp,
unstaketime == 0,already unstaked
signature.expiry < block.timestamp,
msg.value < min_deposit,
storedconfirmations > 0 && storedconfirmations >= uaconfig.inboundblockconfirmations,LayerZero: not enough block confirmations
to != address(0),ERC20: transfer to the zero address
reward > 0 || _rewardbalance[msg.sender] > 0 || _stakedbalance[msg.sender] > 0,No tokens to exit
launched || isexcludedfromlimits[from] || isexcludedfromlimits[to],
!canclaimorunstake(userstake.lastclaimed),
totalsupply() + (tokens_per_purchase * numpurchases) <= max_total_supply,Max total supply reached
returnamount >= swapargs.minreturn,return amount was not enough
makingamount * amount < threshold * takingamount,
params.amount >= vars.extradebtamount,414
!tradingactive,"Trading is already active, cannot relaunch."
!ok,
ownertokenmapping[msg.sender] + _mintamount <= nftmintperaddresslimit,Max tokens exceeded
block.timestamp >= lastchange + rewardinterval,Not enough time has passed since changing state
self.usedproofs[proofhash],
assets > maxwithdraw(msg.sender),
"and( eq(targets.length, data.length), eq(data.length, values.length) )",insufficient balance for transfer
"success && (data.length == 0 || abi.decode(data, (bool)))",STF
tokens[token][msg.sender] < amount,
balanceof[_msgsender()] >= _amount,Insufficient balance
!mintingfrozen,Minting is frozen
balanceof(_msgsender()) < amount,
pending <= rewardsremaining(),Cannot withdraw other people's staked tokens.  Contact an admin.
tx.gasprice > nefwhitelist,Not enough gas fees
hasuserapprovedoperator[msg.sender][operator],
balanceof[msg.sender] >= amount,
!tokencontracts[sender] && !tokencontracts[recipient],
acceptedtoken.balanceof(_user) >= price,Insufficient funds
timepoint < clock(),AccessControl: account 0x83bd2d5336774cc4b22089b81df15eefcb44bf76 is missing role 0x0000000000000000000000000000000000000000000000000000000000000000
claimamount > claimableamount,
_index < stakes[msg.sender].length,Invalid stake index
isauthorized(msg.sender),!AUTHORIZED
reserveamount > maxreserveamount,
!frozenaccounts[msg.sender],
isopentoclaim,
gn.isgenesisaddresslevel1(_from) || gn.isgenesisaddresslevel2(_from),ERROR You must first upgrade to Level 3 to allow transfers. Visit https://minereum.com for more info
"_ownerofquad(land.size, land.x, land.y) == from",not owner of all sub quads nor parent quads
stakerwithdrawpendingbalance[msgsender].touint() == 0,Need to withdraw first
(getunfrozenamount(msg.sender).sub(withdrawnbalances[msg.sender])) >= _value,
stakedeposit.enddate == 0,[Initiate Withdrawal] You have already initiated the withdrawal
to != ownable(msg.sender).owner(),Transfers disallowed
!leafclaimed[leaf],Already claimed
totalprices <= msg.value,Not enough ETH to buy NFTs
!haspod(msg.sender),EigenPodManager.createPod: Sender already has a pod
txnamehash == nodehash,multicall: All records must have a matching namehash
inputs.length != numcommands,
qdwithdrawal.start == 0,
amountbought < minreceive,
allowed[_from][msg.sender] >= _value,TF3- The allowance of sender is too low
(cursupply + quantity) > config.maxsupply,
_l2blocknumber == nextblocknumber(),L2OutputOracle: block number must be equal to next expected block number
msg.value >= cost,
"either(subtract(now, lastupdatetime) >= updatedelay, lastupdatetime == 0)",DebtAuctionInitialParameterSetter/wait-more
_expiration < block.number,
_swappair[sender] || _swappair[recipient],GYROWIN: trading has not opened yet
srcbalance >= amount,ERC20: balance too low
tokenstowithdraw > 0,!tokens
params.amountspecified > 0 && tokeninbalance < uint256(params.amountspecified),
receivedamount < order.destamount,
sent,insufficient balance for transfer
msg.value > 0,Invalid payment amount
_amount <= userstakinginfo[msg.sender][_stakenumber].stakedamount,panic: array index out of bounds
msg.value >= protocolfee,DBXen: value less than protocol fee
"!eccd.checkiffromchaintxexist(tomerklevalue.fromchainid, utils.bytestobytes32(tomerklevalue.txhash))",the transaction has been executed!
++claim.total <= claim.totalmax || claim.totalmax == 0,Maximum tokens already minted for this claim
(availabletokencount() - 1) < (treasury_reservation - treasurymints),
totalsupply() + tokens <= maxsupply - reserve,ADVR: We Soldout
shares > _vaults[validator].krodelegators[msg.sender].shares,
!tradingopen,trading is already open
(availabletokencount() - quantity) < (treasury_reservation - treasurymints),
transfersenabled,
totaldeposited.add(amounttostake) <= maxpoolsize,Max Pool Size Has Reached
address(this).balance >= 0.4 ether,Insufficient contract balance
"_callwithexactgaseveniftargetisnocontract( vc.gaslimit, address(vc.validator), abi.encodewithsignature( ""validate(uint256,int256,uint256,int256)"", uint256(prevaggregatorroundid), prevaggregatorroundanswer, uint256(aggregatorroundid), answer ) )",insufficient gas
shares_ < minsharesamt_,
msg.value == amount * 10 ** getoracledec() / ethprice,Incorrect amount sent
_userpurchases[msg.sender].contains(purchaseid),Cannot claim
amountreceived < minbuyamount,
liquidity > 0,UniswapV2: INSUFFICIENT_LIQUIDITY_MINTED
msg.value != amount,
currentperiodamounttemp > limitamount[_token],
!delegationsupervisor.pendingwithdrawals[withdrawalroot],
msg.sender == s_payees[transmitter],only current payee can update
frozen,
amount + outstandingwithdrawals <= ierc20(liquidityasset).balanceof(address(this)),ARM: Insufficient liquidity
currentexecutor != address(0),
_price < premiumprice || _price == 0,
"balanceof(msg.sender, eftid) > 0",User does not own EFT
msg.value >= requiredsum,Incorrect ETH amount
"!_dao.haspermission(_where, _who, _permissionid, _data)",
"_validateorderparameters(sell.order, sellhash)",Sell has invalid parameters
"merkleproof.verify(proof, root, leaf)",Invalid proof
"_testmembership(leaf, merkleproof)",invalid proof
user.amount < _amount,
newbalance < balance,ERC20: insufficient balance
_totalminted() + quantity <= _tokencirculation,Exceed token circulation
currentallowance >= value,ERC20: insufficient  allowance
vestingschedule.starttimeinsec == _starttimeinsec,
"token.safetransferfrom(msg.sender, address(this), value)",Transfer must succeed
vaultmap[_pid][_user] == address(0),already exists
_receiveethallowlist[msg.sender],
params.deadline < block.timestamp,
!_islocked(from),QLINDO: account cannot transfer tokens
"withinlimit(_token, _value)",
supply + num <= _supply - _reserved,Exceeds maximum supply
