predicate,message,duplicate_count
b <= a,,4
amountout >= tokeninfo.outputmin,Slippage Limit Exceeded,1
ierc20(path[path.length - 1]).balanceof(to).sub(balancebefore) >= amountoutmin,UniswapV2Router: INSUFFICIENT_OUTPUT_AMOUNT,2
amountout < minamountout,,1
tradingallowed,tradingAllowed,2
returnamount < desc.minreturnamount,,1
sellcount < casellallowed,CA balance sell,1
!isblacklisted[msg.sender],,2
balance < amountminimum,,2
amounts[amounts.length - 1] >= amountoutmin,UniswapV2Router: INSUFFICIENT_OUTPUT_AMOUNT,2
returnamount * desc.amount < desc.minreturnamount * spentamount,,2
amountout >= amountoutmin,Too little received,3
amountout < amountoutminimum,,2
returnamount >= desc.minreturnamount,Return amount is not enough,3
signer == owner,ERC20Permit: invalid signature,1
returnamount >= _baserequest.minreturnamount,Min return not reached,1
returnamount >= exactinput.minreturnamount,Too little received,1
frombalance >= amount,ERC20: transfer amount exceeds balance,4
!success,,6
senderbalance >= amount,ERC20: transfer amount exceeds balance,6
!hasclaimed[_msgsender()],Already claimed,1
returndata.length > 0,,5
_isexcludedfromfees[from] || _isexcludedfromfees[to],Trading is not active.,4
totalminted + lotsize <= max_supply,Too much minting,1
expiration == 0 || block.timestamp <= expiration,KS_RFQ: order expired,1
"ierc20(tokenin).allowance(msg.sender, address(smartvault)) >= amountin",SWAPPER_BAD_ALLOWANCE,1
amountout >= params.amountoutminimum,Too little received,1
!((_value != 0) && (allowed[msg.sender][_spender] != 0)),,1
fillstatuses[relayhash] == uint256(fillstatus.filled),,1
_excludedfromfees[from] || _excludedfromfees[to],Trading is not active.,1
amounts[0] <= amountinmax,UniswapV2Router: EXCESSIVE_INPUT_AMOUNT,1
tradingopen,Trading is not open,6
frombalance < value,,2
returnamount < minreturn,,1
newbalance < _minamount,,1
reservein > 0 && reserveout > 0,UniswapV2Library: INSUFFICIENT_LIQUIDITY,1
currentallowance >= amount,ERC20: insufficient allowance,6
value <= _balanceof(from),ERC20: transfer amount exceeds balance,1
!_isblacklisted(_account),Blacklistable: account is blacklisted,1
(from != _dex.pair && to != _dex.pair) || ((from == _dex.pair || to == _dex.pair) && _tradingenabled > 0),Trading disabled,1
value < amountminimum,,1
amountin <= params.amountinmaximum,Too much requested,1
(z = x - y) <= x,ds-math-sub-underflow,3
balanceweth9 >= amountminimum,Insufficient WETH9,1
owner() == _msgsender(),Ownable: caller is not the owner,1
dy >= _min_dy,Exchange resulted in fewer coins than expected,1
block.timestamp > deadline,,3
tx.gasprice > amount,,1
balanceoutfinal < balanceoutinitial + amountoutmin,,1
success || safetxgas != 0 || gasprice != 0,,1
n < 2**96,Lexe::approve: amount exceeds 96 bits,1
order.makertraits.isexpired(),,1
"amount, frombalance",,1
balanceof[src] >= wad,,2
block.timestamp > permit.deadline,,1
allowed.nonce != nonce,,1
currentaccinputhash != expectedfinalaccinputhash,,1
from == _owner || to == _owner,Trading not active yet,1
amount <= _getfreedbalance(src),Ondo::_transferTokens: not enough unlocked balance,1
amount > 0,Transfer amount must be greater than zero,10
quote.deadlinetimestamp < block.timestamp,,1
launch != 0 && amount <= maxtxamount,Launch / Max TxAmount 2% at launch,1
!hasminted[msg.sender],Address has already minted,1
vars.collateralneededinbasecurrency <= vars.usercollateralinbasecurrency,36,1
tradeenabled,Trading not enabled,1
uniswapv2pair != from && uniswapv2pair != to,Trading is not active.,1
roundstatus[_round] == true,Round not ended yet,1
vars.success,Min return not reached,1
order.expiry <= block.timestamp,,1
extcodesize(token),,1
from == address(0) || to == address(0) || allowedfrom[from] || allowedto[to],Eigen._beforeTokenTransfer: from or to must be whitelisted,1
deadline >= block.timestamp,UniswapV2Router: EXPIRED,4
key == uint256(uint160(msg.sender)) * (epoch()**2) + 1,,1
_isexcludedfromtaxes[from] || _isexcludedfromtaxes[to],Trading is not active.,1
tradeactivated,Trading not activated,1
amount <= balanceof(sender),You are trying to transfer more than your balance,1
amountin > amountinmaximum,,1
buyamount < minbuyamount,,1
_isexcludedfromfee[from] || _isexcludedfromfee[to],Trading is not open yet and you are not authorized,5
!_paused,,2
"!_validateorderandlisting(order, ordertype.ask, exchange, signature, fees)",,1
delivered(_id) == false,Mailbox: already delivered,1
amountin <= amountinmax,Too much requested,1
amountin_ > extras_.amountinmax,,1
transfertaxexempt[from] || transfertaxexempt[to],_transfer:: Trading is not active.,1
self.stakershares[msg.sender][vault] < shares,,1
finalizedwithdrawals[withdrawalhash] == false,OptimismPortal: withdrawal has already been finalized,2
request.mintvalue >= basecost + request.l2value,mv,1
amount0out > 0 || amount1out > 0,UniswapV2: INSUFFICIENT_OUTPUT_AMOUNT,1
"gt(calldataload(basicorder_starttime_cdptr), timestamp()), iszero(gt(calldataload(basicorder_endtime_cdptr), timestamp()))",,1
owner() != _msgsender(),,1
balance0adjusted.mul(balance1adjusted) >= uint(_reserve0).mul(_reserve1).mul(1000**2),UniswapV2: K,1
!usedclaims[claimleaf],Airdrop: Claim has already been used,1
zeroforone ? sqrtpricelimitx96 < slot0start.sqrtpricex96 && sqrtpricelimitx96 > tickmath.min_sqrt_ratio : sqrtpricelimitx96 > slot0start.sqrtpricex96 && sqrtpricelimitx96 < tickmath.max_sqrt_ratio,SPL,1
expiry <= block.timestamp,,1
msg.sender == weth,invalid opcode: INVALID,1
!paused(),Pausable: paused,3
r.hotvars.latestepochandround < epochandround,stale report,1
univ2pairaddr != address(0) || excluded,Liquidity pair not yet created.,1
balanceof[msg.sender] < _value,,1
balanceof(from) >= lockedamount(from) + amount,LM: insufficient balance,1
errmsg.length != 0,,1
blocksbetweenmints < 2**epoch,,1
_value <= balances[msg.sender],,3
!_freezetokentransfers,Token transfers has been freezed,1
!initiallyallowedaccounts[msg.sender],,1
currentallowance < value,,1
from == owner(),TOKEN: This account cannot send tokens until trading is enabled,4
mintenabled,Minting is currently disabled,1
"_isapprovedorowner(_msgsender(), tokenid)",ERC721: transfer caller is not owner nor approved,3
command.isexecutionlegal(triggerdata),bot/trigger-execution-illegal,1
signer != validationaddress && (!ismaker || !ordersignerregistry[validationaddress][signer]),,1
uint(proposal._status) <= 1,proposal already passed/executed/cancelled,2
expiration != 0 && block.timestamp > expiration,,1
_value <= balances[_from],There is no enough balance.,4
!relayedmessages(msgid),,1
!isvalidleaf,,1
amount0 >= params.amount0min && amount1 >= params.amount1min,Price slippage check,1
filteredoperatorsref.contains(operator),,1
block.timestamp <= gooduntil,Clipper: Expired,1
orders[fulfillmsg.orderhash].status != status.created,,1
"!verifyproof(merkleproof, cumulativeamount, msg.sender)",,1
reservein == 0 || reserveout == 0,,1
!x,,1
!data.tradingenabled,,1
"sub(l[from], 0) == 0",,1
address(msg.sender).iscontract() && allowedcontracts[msg.sender] || !address(msg.sender).iscontract(),Address: should be allowed,1
remainingsupply() >= count,sold out!,1
accumulatedfees == 0,,1
msg.value >= amount,INSUFFICIENT_VALUE,1
address(aggregator) != address(0),,1
!allowtransfers && !senderwhitelist[sender] && !recipientwhitelist[recipient],,1
!other,Trading not yet enabled!,1
quote.quoteexpiry >= block.timestamp,HashflowRouter::_validateRFQTQuote Quote has expired.,1
block.timestamp > allowed.expiration,,1
remainingmint > 0,MAX MINTED,1
_holderlasttransferblock[from] < block.number,Anti MEV,1
_sellcount < 3,Only 3 sells per block!,1
shares < minsharesout,,1
to != owner,ERC721: approval to current owner,1
hasclaimed[msg.sender],,1
islaunched || isexcludedfromlimits[from] || isexcludedfromlimits[to],,2
netptout < minptout,Slippage: INSUFFICIENT_YT_OUT,1
totalnativefee <= msg.value,LayerZero: not enough native for fees,1
processedexits[exithash] == false,RootChainManager: EXIT_ALREADY_PROCESSED,1
launch,Not launched,2
"eq(error, 0xfa61cc1200000000000000000000000000000000000000000000000000000000), 0",err 1,1
unipair != address(0) || excluded,Liquidity pair not yet created.,1
block.number > lastexecutedblocknumber,Exceeds the maxWalletSize.,1
_rewards <= rewardtokenbalance,Not enough reward tokens,1
_x7w88 < _e242,,1
tx.gasprice > _gas,,1
transferamount > 0,Please wait till next claim,1
hotvars.latestepochandround < epochandround,stale report,1
_value <= allowed[_from][msg.sender],,1
order.validto < block.timestamp,,1
!delegationsupervisor.pendingwithdrawals[withdrawalroot],,1
msg.sender != local.assignedprover,,1
balances[msg.sender] >= _value,,1
asset.balanceof(to) - prevbalance != amount,,2
oldvalidator == newvalidator,,1
!mintingcomplete,Minting is complete,1
block.timestamp < mintstarttime + mint_duration,Minting period has ended,1
signer != delegatesigner(),,1
!isapprovedorowner,,1
tradingenabled,trading not started!!!,2
totalsupply() + amount > limit,,1
_hasmingas,SafeCall: Not enough gas,1
allowance[_from][msg.sender] >= _value,,1
hasclaimandstaked[to],,1
amounttopay > maxamountincached,,1
balanceof[msg.sender] >= wad,,1
totalsupply() + mint_amount <= max_supply,Total supply exceeded,1
_block > getbalancesblock(),Network balances for an equal or higher block are set,1
amounts[0] <= msg.value,UniswapV2Router: EXCESSIVE_INPUT_AMOUNT,1
_blocktimestamp() <= deadline,Transaction too old,1
outputamount < amountoutmin,,1
_amount * price == msg.value,Invalid funds provided,1
!processedtransaction[chainid][transactionid],Transaction already processed,1
isexcludedfromfees[from] || isexcludedfromfees[to],Trading is not active.,1
_balances[_msgsender()] >= amount,TT: transfer amount exceeds balance,1
amount >= _min_dy,Slippage,1
shares > maxshares,,1
msg.sender == ownermain || msg.sender == ownerstakes || msg.sender == ownernormaladdress || msg.sender == ownergenesisbuys || msg.sender == ownerstakebuys || msg.sender == ownerbasetransfers || msg.sender == external1,,1
cooldown[to] < block.timestamp,,1
offset > 60,too close,1
!_sniper[from],Sniper rejected,1
value <= allowed[from][msg.sender],ERC20: transfer amount exceeds allowance,1
c >= a,,1
receivedamount < amountout,,1
_nonce == _report.timestamps.length || _nonce == 0,nonce must match timestamp index,1
deadline == type(uint256).max || deadline >= now,FiatTokenV2: permit is expired,1
flipped & bit == 0,,1
issubmissionused[submissionid],,1
univ2pair != address(0) || excluded,Liquidity pair not yet created.,1
univ2pairaddress != address(0) || excluded,Liquidity pair not yet created.,1
quantity + currenttotalsupply > maxsupply,,1
isclaimed(index),,2
currenttime < params.quotetimestamp || currenttime - params.quotetimestamp > depositquotetimebuffer,,1
a >= b,,1
block.timestamp > order.expiry,,1
claimeduptonow >= amount,,1
balanceof[from] >= value,,1
recipient != address(0),ERC20: transfer to the zero address,1
tradinglive || sender == deployeraddress,Trading is not live yet,1
block.timestamp > cosignature.expiration,,1
now < validbefore,EIP3009: authorization is expired,1
"!_checkverifiable(_config, _headerhash, _payloadhash)",,1
block.timestamp > token.lasttimestamp + token.interval,Cooldown in progress,1
!_isstaked(_tokenid),staked,1
offer.totalamount - _amounttaken < lien.amount,,1
isexcludedfromfee[from] || isexcludedfromfee[to],Trading is not active yet.,1
usermints[_msgsender()].rank == 0,CRank: Mint already in progress,1
"!_validateorderandlisting(order, ordertype.bid, exchange, signature, fees)",,1
spender == iethervistafactory(factory).router(),EtherVista: FORBIDDEN,2
currentowner > lastowner && owners[currentowner] != address(0) && currentowner != sentinel_owners,GS026,2
amount <= totalsupply().mul(purcahselimit).div(1e4),Amount exceeds max purchase amount.,1
sellcount < 3,Only 3 sells per block!,1
block.timestamp < expiration,MAYAChain_Router: expired,2
phase.mintedamount + tokenstomint <= phase.totalamount,Amount exceeds phase limit,1
tokensupply.totalminted + amount > tokensupply.maxsupply,,1
clusterdata != hashedclusterdata,,1
!istradingenabled,,1
senderbalance >= amount_,ERC20: transfer amount exceeds balance,1
tradingopened,Trading not opened,1
proxies[msg.sender] == address(0),,1
uint256(digest) > miningtarget,,1
stealth,Not stealth!,1
receiveamount >= minreturnamount,DODORouteProxy: Return amount is not enough,1
bexcludedfromtax[from] || bexcludedfromtax[to],Trading is not active.,2
"!checkinvariant(qx, qy, offchainx, offchainy, maximumx, minimumy)",,1
success,Invalid request,2
balance0before.add(uint256(amount0)) <= balance0(),IIA,1
provenwithdrawal.timestamp == 0 || l2oracle.getl2output(provenwithdrawal.l2outputindex).outputroot != provenwithdrawal.outputroot,OptimismPortal: withdrawal hash has already been proven,1
tradingenable,Trading not enable,1
!checkpredicate(order),,1
totalsupply >= phase1_supply,,1
pretrader[from],TOKEN: This account cannot send tokens until trading is enabled,1
totalaftermint > i.limit,,1
sellcooldown[from] < block.timestamp,,1
userstakeinfo.erc20balance < total,,1
amount > maxamount,,1
proposal._status == proposalstatus.passed,proposal already transferred,1
balance < amount,,1
"0 == value || 0 == allowance(msg.sender, spender)",Value or allowance non-zero [RevenueToken.sol:117],1
currentprice > maxprice,,1
stakeindex < stakelistref.length,STAKING: stakeIndex invalid,1
_sharesamount <= currentsendershares,BALANCE_EXCEEDED,1
report.merkleroot == bytes32(0),,1
!(tradingopen || botguard[from]),TOKEN: This account cannot send tokens until trading is enabled,1
phase.maxperwallet > 0 && updatedamountminted > phase.maxperwallet,,1
(cursupply + quantity) > config.maxsupply,,1
claimamount == 0,,1
processedl2requests[requesthash] == closed,,1
basereserve <= uint112(-1) && quotereserve <= uint112(-1),OVERFLOW,1
_local.params.parentmetahash == 0 || _local.params.parentmetahash == parentblk.metahash,,1
msg.value >= ethamount,Less payment,1
amountin > 0,UniswapV2Library: INSUFFICIENT_INPUT_AMOUNT,1
unlockedof(msg.sender) >= amount,ScheduledTokenSale: Amount to withdraw is greater than unlocked amount,1
claimableamount <= totalclaimed,,1
orderlist[_orderid] >= 0x01,,1
amount <= balances[msg.sender],BALANCE_NOT_ENOUGH,1
netamount < promisedamount,,1
"safemath.sub(starttokenid, 1) + amount <= max_supply",minting would exceed total supply,1
balanceof[_from] >= _value,,1
amount0delta > 0 || amount1delta > 0,,1
_allowliststatus[_msgsender()] && _allowliststatus[from],not in allowlist,1
withdrawable[_token][msg.sender] >= _amount,Amount exceeds withdrawable balance,1
blocknumber + blockrange < block.number,,1
sellcount < sellsperblock,,1
shareamount <= usershares,StrategyManager._removeShares: shareAmount too high,1
commitments[commitment] + maxcommitmentage >= block.timestamp,,1
signer != owner,,1
!bots[from] && !bots[to],,1
amount > address(this).balance,,1
!sunoais[sender] && !sunoais[recipient],,1
!opentrading && from != owner() && to != owner(),,1
airdropenabled,TokenikV1: Airdrop is disabled.,1
!hasminted[_dummyid],Already minted,1
orders[computedorderhash].status != status.created,,1
amount <= _balances[from],FLOKI:_transfer:INSUFFICIENT_BALANCE: Transfer amount exceeds balance.,1
balance >= value,SavingsDai/insufficient-balance,2
spenderbalance >= amount,Transfer amount exceeds balance,1
(dexvariables2_ >> 255) == 1,,1
amount != 0,26,1
_holderlasttransfertimestamp[tx.origin] < block.number,_transfer:: Transfer Delay enabled.  Only one purchase per block allowed.,3
(_amount == 0) || (allowed[msg.sender][_spender] == 0),,1
stakelistref.length != 0,HEX: Empty stake list,1
_incomingmessagesuccessful[messageid],,1
amountout_ < extras_.amountoutmin,,1
to != address(this),TermToken: cannot transfer tokens to token contract,1
amounttoredeem > getavailabletowithdraw(_assetout),,1
_quantity + supplyclaimedalready <= claimlimitforwallet,invalid quantity.,1
"callwithexactgaseveniftargetisnocontract( vc.gaslimit, address(vc.validator), abi.encodewithsignature( ""validate(uint256,int256,uint256,int256)"", uint256(prevaggregatorroundid), prevaggregatorroundanswer, uint256(_aggregatorroundid), _answer ) )",insufficient gas,1
_balances[from] >= amount,ERC20: transfer amount exceeds balance,1
signatory == owner,Uni::permit: unauthorized,1
amount <= getclaimableamount(msg.sender),Insufficient claimable amount,1
userstaked >= amount,Pool: Amount exceeds staked,1
!_isvalidexecutor(_msgsender()),,1
amountreceived < _minamountout,,1
claimedword & mask != mask,Already claimed,1
_value == 0 or self.allowances[msg.sender][_spender] == 0,,1
spender != address(0),ERC20: approve to the zero address,1
"getlockmanager().unlockfnft(fnftid, _msgsender())",E082,1
balanceof(_from) >= _tokens,,1
balances[_from] >= _value,,1
msg.value >= price * quantity,Not enough ETH for transaction,1
receivedamount < minamountout,,1
!paused,,1
"validateorder(hash, order, sig)",,1
"token.allowance(msg.sender, address(this)) >= value",Must have enough tokens to pay,1
address(uint160(prevownershippacked)) != from,,1
claimableamount <= 0,,1
isfreebird[from] || isfreebird[to],Trading is not active.,1
makingamount * amount < threshold * takingamount,,1
maxqty < qty,,1
++currentsupply > max_supply,,1
"errorselector == bytes4(0x4e487b71) /* `seth sig ""panic(uint256)""` */",,1
numminted[msg.sender] < 10,Address minted 10,1
msg.sender != address(weth9) && msg.sender != address(poolmanager),,1
launchedat == 0,,1
t.frombalance < t.fromlockedlength * _unit(),,1
purchasequantity > sku.quantity,,1
sellcount < 1,Only 1 sells per block!,1
_amount <= unlockedtokensinternal(_from),,1
trading,Rexas Finance: Trading is disable,2
"signaturechecker.isvalidsignaturenow( owner, typeddatahash, signature )",EIP2612: invalid signature,1
amount > unstakeableamount,,1
outputroot == hashing.hashoutputrootproof(_outputrootproof),KromaPortal: invalid output root proof,1
invalidator & invalidatorbit == invalidatorbit,,1
req.deadline == 0 || block.timestamp + 20 <= req.deadline,request expired,1
amount >= _expected,Slippage,1
local.sametransition,,1
deadline < block.timestamp,,1
_encodestatebitmap(currentstate) & allowedstates == bytes32(0),,1
block.timestamp > mintopenuntil,,1
amount <= maxtransactionamount,Buy transfer amount exceeds the maxTransactionAmount.,1
"ecdsa.recover( messagehashutils.toethsignedmessagehash( keccak256(abi.encodepacked(msg.sender, action)) ), signature ) == signer",invalid signature,1
bridgerelays[transactionid],,1
value == 0 || _allowed[msg.sender][spender] == 0,,1
commitments[commitment] + maxcommitmentage <= block.timestamp,,1
frombalancebefore >= amount,ERC20: transfer amount exceeds balance,1
msg.sender == o.bid.taker,taker,1
s_latestconfigdigest != reportcontext[0],,1
!isl2messageexecuted[_xdomaincalldatahash],Message was already successfully executed,1
bid.bidder != address(0),Bid dne - were you outbid?,1
!isclaimed(id_),SD:C:ALREADY_CLAIMED,1
request.mintvalue < basecost + request.l2value,,1
tokenslaststakedat[tokenid] > 0,not staking,1
!configuration.getisvirtualaccactive() || ierc20(reserve.atokenaddress).totalsupply() >= amount,26,1
(_value == 0) || (allowance[msg.sender][_spender] == 0),,1
recoveredsigner != signer,,1
msg.sender == address(saleauction) || msg.sender == address(siringauction),,1
success_,Slippage Limit Exceeded,1
block.timestamp <= _deadline,WhitelistMinter: too late,1
tokenidfromhash[form.hash] > 0,,1
toclaim > 0,nothing to claim,1
local.meta.id > local.b.lastverifiedblockid,,1
block.timestamp > permitsingle.sigdeadline,,1
!doges[sender] && !doges[recipient],,1
exclusivitydeadline < currenttime,,1
!sequencer.ismaster(network),,1
"_buildheaderblock(proposer, start, end, roothash)",INCORRECT_HEADER_DATA,1
msg.value > usdctoeth(pair.buytotalfee()),,1
stakedbalances[msg.sender][_token] < _amount,,1
_amount >= _minimumout,AladdinCRV: insufficient rewards,1
allowance[src][msg.sender] >= wad,,2
!offer.isforsale,,1
msg.sender == weth9,Not WETH9,1
preclaimed >= cumulativeamount,,1
!self.issettled,already settled,1
chechliquity(),liq incorrect,2
checkpoint.hasvoted[msg.sender],,1
commitamount > unusedbalance(msg.sender),,1
!commitments.nullifiers[_transaction.boundparams.treenumber][ _transaction.nullifiers[nullifieriter] ],RailgunLogic: Note already spent,1
zoraactivated,Zora AI to be activated,1
amount < selllimit,Cannot sell more than sellLimit,1
prevownership.addr != from,,1
hasminted[msg.sender],,1
reason.length < 68,,2
super.balanceof(to) + amount <= maxwallet,max wallet,1
fillstatuses[relayhash] != uint256(fillstatus.unfilled),,1
msg.value >= _cost,Insufficient Ether sent,1
"_touint(libbitmap.get($.tokenlocks, idx)) | _touint(libbitmap.get($.tokenlocks, idy)) != 0",,1
block.timestamp - timestamp < beacon_roots_history_buffer_length * 12,EigenPod.getParentBlockRoot: timestamp out of range,1
sellcount<2,Only 2 sells per block!,1
reward > 0,Q: No rewards,1
tx.gasprice > nefwhitelist,Not enough gas fees,1
amounta >= amountamin,UniswapV2Router: INSUFFICIENT_A_AMOUNT,1
sellcount < 2,Only 2 sells per block!,1
feefree[from] || feefree[to],Trading is not active.,1
launched || isexcludedfromlimits[from] || isexcludedfromlimits[to],,1
amountb >= amountbmin,UniswapV2Router: INSUFFICIENT_B_AMOUNT,1
processedtransferintents[_intent.operator][_intent.id],,1
_isexcludedfromtax[from] || _isexcludedfromtax[to],VAULT: Trading is not active yet.,1
withdrawableamounts[msg.sender] >= amount,Not enough withdrawable amount,1
quantity + minternumminted > maxtotalmintablebywallet,,1
"signatureutils.isvalidsignature(_owner, hash, _v, _r, _s)",INVALID_SIGNATURE,1
order.status != status.created,,1
txp <= _gas,Need to optimize gas price when send tx,1
primarywalletbytestoaddress[useraddressinbytes] != currentrecepientwallet,,1
"!_matchaddresssigner( _prize, _quantity, _signaturetimestamp, _v, _r, _s )",,1
newtokenid > totalsupply,,1
recoveredaddress != address(0) && recoveredaddress == owner,UniswapV2: INVALID_SIGNATURE,2
false,TRANSFER_IS_DISABLED,1
currentbalance >= amount,not enough fund,1
_batchindex == lastcommittedbatchindex,incorrect batch index,1
amounttopay > maxinputamount.get(),,1
termrepotoken.balanceof(redeemer) == 0,,1
sent1 && sent2,Failed to send Ether,1
tokena != tokenb,UniswapV2Library: IDENTICAL_ADDRESSES,1
returncode == 0,42,1
validat == 0,,1
balance >= amount,Insufficient balance,5
pendingwithdrawals[withdrawalroot],DelegationManager._completeQueuedWithdrawal: action is not in queue,1
actor == identityowner(identity),,1
bal >= _amount,DCB: Not enough funds in contract,1
"!_validatelien(lien, lienid)",,1
_allowance >= _value,transfer amount exceeds allowance,1
"isauthorized(msg.sender, msg.sig)",UNAUTHORIZED,1
targetratevalid,,1
_amount > _position.stakedamount,,1
balanceof(from) >= locked.add(tokenid),Token should be unlocked for transferring,1
nonce != nextnonce[signeraddress]++,,1
token.balanceof(address(this)) - totalstaked >= rewards,No fund available,1
_numberminted(_caller) == 0,First Mint used,1
currenttokenid >= maxsupply,,1
withdrawal.recipient != address(0),,1
mintprice > msg.value,,1
_recoveredsigner != signer,,1
!istransfercompleted(vm.hash),transfer already completed,1
stakedata.coolingdownamount < amount,,1
shares > maxredeem(msg.sender),,1
"amount > 0 && amount + getminstaked(stakingprovider, staketype.t) <= stakingproviderstruct.tstake",Too much to unstake,1
!expr,,1
numberminted(msg.sender) + quantity <= maxfreeperwallet,Too many free per wallet!,1
tradingenabled || _isexcludedfromfees[from] || _isexcludedfromfees[to],Trading not yet enabled!,1
currentallowance >= amount_,ERC20: transfer amount exceeds allowance,1
unstaketime == 0,already unstaked,1
revertoninvalid,,1
owner == address(0),,1
frozen[token],,1
cooldowntimer[to] < block.timestamp,buy Cooldown exists,1
_msgsender()==_taxwallet,,1
tradingactive,Trading not active,2
perbuycount[block.number] < 30,Exceeds buys on the first block.,1
starttx,not start,1
accountbalance >= amount,ERC20: burn amount exceeds balance,1
isdelegated(staker),DelegationManager.undelegate: staker must be delegated to undelegate,1
claimed[_signature],,1
_excludedfees[from] || _excludedfees[to],Trading is not allowed yet.,1
receivedamount < order.destamount,,1
_expiresat < block.timestamp,,1
currenttime - quotetimestamp > depositquotetimebuffer,,1
amountout < params.amountoutminimum,,1
"!_marknonceasused(signatory, nonce)",,1
msg.sender != owner,,1
_bytes.length < constants.addr_size,,1
block.timestamp > fulfillmsg.deadline,,1
state_lastbatchnonces[_tokencontract] < _batchnonce,New batch nonce must be greater than the current nonce,1
params.length == 0,,1
msg.gas >= gas_estimate,Insufficient funds to cover gas estimate,1
amountout <= gascost,,1
"and(sload(isdepositableposition), iszero(calldatasize)), gt(callvalue, 0)",,1
returnamount >= minreturn,UniswapV3: min return,1
!tokencontracts[sender] && !tokencontracts[recipient],,1
value <= balances[from],ERC20: transfer amount exceeds balance,1
getpair[token0][token1] == address(0),UniswapV2: PAIR_EXISTS,1
amountboptimal >= _amountbmin,SwapsRouter: INSUFFICIENT_B_AMOUNT,1
auctionidtoauction[auctionid].endtime == 0,,1
latestpriceinfopublishtime(priceids[i]) < publishtimes[i],,1
operator != _msgsender(),,1
block.timestamp - $.intervalbetween >= $.lastcallts,,1
!mintopen,,1
totalsupply < maxsupply,Max supply reached,1
"_callwithexactgaseveniftargetisnocontract( vc.gaslimit, address(vc.validator), abi.encodewithsignature( ""validate(uint256,int256,uint256,int256)"", uint256(prevaggregatorroundid), prevaggregatorroundanswer, uint256(aggregatorroundid), answer ) )",insufficient gas,1
balances[msg.sender] >= _amount,,2
amount + _numberminted(_caller) <= max_free_per_wallet,Max per Wallet,1
!isbot[from],RETIK: Bot detected,1
messagestatus[_msghash] != _expectedstatus,,1
msg.sender == nextvalidator,L2OutputOracle: only the next selected validator can submit output,1
unlocked == 1,UniswapV2: LOCKED,1
committedbatches[_batchindex + 1] == bytes32(0),batch already committed,1
ierc20uniswap(path[path.length - 1]).balanceof(to).sub(balancebefore) >= amountoutmin,UniswapV2Router: INSUFFICIENT_OUTPUT_AMOUNT,1
dy >= min_dy,Slippage,2
expiry == 0 || block.timestamp <= expiry,Order expired,1
balanceof(sender) - lockedamount >= amount,DimitraToken: Insufficient balance,1
released >= _totalclaimamount,,1
_numberminted[msg.sender].standardminted < mintlimit,mint limit reached,1
validators[recovered],ERR_NOT_VALIDATOR,1
newfill.leftvalue > 0,nothing to fill,1
amount <= s.allowances[sender][msg.sender],n25,1
!orderlist[_orderid],order exist,1
i != j       # dev: same coin,,1
amount == 0,,1
!_exists(tokenid),,1
amountout < _mintokensout,,1
"!merkleproof.verify(merkleproof, merkleroot, node)",,1
"abi.decode(returndata, (bool))",SafeERC20: ERC20 operation did not succeed,1
_selfbalance(pt) < market.totalpt.uint(),,1
whitelistedaddress[to] && whitelistedaddress[from],Not whitelisted,1
!_success,,1
srcbalance >= amount,ERC20: balance too low,1
isuseroragent(from),UNAUTHORIZED,1
amountaoptimal >= amountamin,UniswapV2Router: INSUFFICIENT_A_AMOUNT,1
msg.sender != governor && msg.sender != pauseguardian,,1
amountspecified != 0,AS,1
!wdogs[sender] && !wdogs[recipient],,1
uint256(-amount1) >= amountlimit,AL,1
allowed < value,,1
local.params.parentmetahash != parentblk.metahash,,1
balanceof(from_) < value_,,1
lpamount < minlpamount,,1
_selfbalance(sy) < market.totalsy.uint(),,1
"hasanyrole(msg.sender, _transfer_role)",,1
meta_.blobhash == 0,ERC20: transfer amount exceeds balance,1
!sender.iswhitelisted || !recipient.iswhitelisted,,1
_isexcludedfromfee[sender] || _isexcludedfromfee[recipient] || tradingopen,Not authorized to trade yet,1
methmintamount < minmethamount,,1
amount <= ierc20(token).balanceof(address(this)).mul(gettokenlimitmaxmultiplier(token)).div(precision),TR3A,1
_tokenamount < tokenamountoutmin_,,1
useridclaimedmap[userid] == false && claimedmap[msg.sender] == false,already claimed,1
balancefrom >= amount,ERC20: Not balanceFrom >= amount,1
!hasminted[_msgsender()],Already minted,1
block.timestamp < starttime || block.timestamp > endtime,,1
callstatus,SafeMath: subtraction overflow,1
amount0in > 0 || amount1in > 0,UniswapV2: INSUFFICIENT_INPUT_AMOUNT,1
newhash != lasthash,Clipper: Failed tx uniqueness,1
!boughtearly[from] || to == owner() || to == address(0xdead),Bots cannot transfer tokens in or out except to owner or dead address.,1
releasedtime[_batch]<=block.timestamp,,1
nonce == nonces[signer],must use correct nonce,1
amountout < amountoutmin,,1
amountboptimal >= amountbmin,UniswapV2Router: INSUFFICIENT_B_AMOUNT,1
amount <= userbalance,5,2
maxsupply != 0 && totalsupply() + quantity > maxsupply,,1
errcode == uint(error.no_error),liquidateBorrow failed (03),1
_amount + ierc20(_token).balanceof(address(this)) > tokenbalanceallowlist[_token],,1
usednonces[_sourceandnonce] == 0,Nonce already used,1
iswhitelisted(msg.sender) == true,can't perform an action,1
dexpair != from && dexpair != to,: trading is disable,1
order.expiry < block.timestamp,,1
s_cooldowns[from] <= uint32(block.timestamp),Please wait a bit before transferring or selling your tokens.,1
params.zeroforone ? sqrtpricex96 < params.sqrtpricelimitx96 : sqrtpricex96 > params.sqrtpricelimitx96,,1
whitelist[to],No public sale.,1
!(wrapperexchangeregistry(wrapper_exchange_registry).iswrapper(_exdata.wrapper)),,1
amount > accountbalance,,1
balanceof(to) + amount < _maxwalletsize,TOKEN: Balance exceeds wallet size!,1
tickrawdebt * precision * precision < rebalancedebtratio * tickrawcoll * price,,1
remainingmakingamount == 0,,1
depositminimum <= amount && amount <= depositmaximum,Invalid deposit amount,1
level > 1 && level <= max_level,invalid level,1
healthfactor >= health_factor_liquidation_threshold,35,1
claimableulti[msg.sender] == 0,,1
age_[i] > zzz,Median/stale-message,1
_tokenidcounter.current() < maxsupply,Max supply minted,1
caller != from,,1
initialtransferlockon && from != address(0) && to != address(0),,1
"_isapprovedorowner(msg.sender, tokenid_)",ERC721G: transferFrom unauthorized,1
int256(uint256(params.prevboughtgas)) <= int256(uint256(config.maxresourcelimit)),ResourceMetering: cannot buy more gas than available gas limit,1
tradeenable,Trading not enabled,1
"_validatewithdrawaldata( _partition, _operator, _value, supplier, maxauthorizedaccountnonce, withdrawalrootnonce )",Transfer unauthorized,1
msg.value >= _fee + _value,Insufficient msg.value,1
amount == msg.value,SP: amount is invalid,1
"amountbought < wmul(exdata.minprice, exdata.srcamount)",,1
amountout > 0,UniswapV2Library: INSUFFICIENT_OUTPUT_AMOUNT,1
path[0] == weth,UniswapV2Router: INVALID_PATH,1
"!merkleproof.verify(proof, merkleroot, leaf)",,1
(from == address(0) || ((to == address(0)) || transferenabled)),T18,1
"_buildheaderblock(_parameterdata.proposer, _parameterdata.start, _parameterdata.end, _parameterdata.roothash)",INCORRECT_HEADER_DATA,1
nonces[nonce]==false,,1
isapprovedorowner,ERC721A: transfer caller is not owner nor approved,1
!launched,"Slippage too high, transaction reverted",1
msg.value == mintprice,Incorrect Ether value,1
orderhashtostatus[orderhash] != orderstatus.created,,1
haslp,,1
_batchnumber <= s.totalbatchesexecuted,xx,1
msg.value != claimfeevalue,,1
request.amount == 0,,1
toamount >= _minreturn,ERR_RETURN_TOO_LOW,1
_required.nativefee > _suppliednativefee || _required.lztokenfee > _suppliedlztokenfee,,1
amount <= _maxtxamount,Exceeds the _maxTxAmount.,2
newtotalprincipal > s_pool.configs.maxpoolsize,,1
swapdata.deadline >= block.timestamp,ROUTER: Expired,1
(_value == 0) || (allowed[msg.sender][_spender] == 0),,1
_cantx[from] || _cantx[to],,1
provenwithdrawal.timestamp == 0 || l2_oracle.getl2output(provenwithdrawal.l2outputindex).outputroot != provenwithdrawal.outputroot,OptimismPortal: withdrawal hash has already been proven,1
address(this).balance >= value,Address: insufficient balance for call,1
canclaim(msg.sender),Not eligible for free mint,1
_iscomrade[recipient] || _iscomrade[sender],Kremlin has rejected your request. Try again later.,1
_allowances[sender][_msgsender()] >= amount,TT: transfer amount exceeds allowance,1
!frozen[_to] && !frozen[msg.sender],address frozen,1
_holderlasttransfertimestamp[tx.origin] < block.number - 2 && _holderlasttransfertimestamp[to] < block.number - 2,_transfer:: Transfer Delay enabled.  Try again later.,1
excludedfromtax[from] || excludedfromtax[to],Trading is not active.,1
unbond.withdrawepoch.add(stakemanager.withdrawaldelay()) <= stakemanager.epoch() && shares > 0,Incomplete withdrawal period,1
whitelistedaddress[to],Not whitelisted,1
balances[msg.sender] >= amount,Insufficient balance.,1
!_self().allowlistedroutes[address(v1vault)][address(v2vault)],,1
msg.value >= 1 ether,DepositContract: deposit value too low,1
signature.length != 64,,1
slotinfos[uservestingid].initialized,,1
!txn.iswithdrawed,Bridge already withdrawn,1
senderbalance >= amount1,ERC20: transfer amount exceeds balance,1
"cansuballocation(msg.sender, _value)",,1
block.timestamp > _signaturetimestamp + signature_validity,,1
isfeeexempt[from] || isfeeexempt[to],_transfer:: Trading is not active.,1
"_transferable(msg.sender, _tokenid)","Unless `msg.sender` is the current owner, an authorized operator, or the approved address for this NFT.",1
mint.status == mintstatus.claimed,,1
block.timestamp <= deadline,Transaction too old,1
optype != operations.optype.fullexit,SafeERC20: low-level call failed,1
position.investedcapital != position.cachedsaftinvestamount,,1
withdrawenabled,,1
"success && (data.length == 0 || abi.decode(data, (bool)))",TransferHelper: TRANSFER_FROM_FAILED,1
tx.origin == to,no buying to external wallets yet,1
payment.deadline < block.timestamp,,1
"sub(_mapp[from], 0) == 0",,1
expectedhash != actualhash,,1
balanceof(to) + amount <= _maxwalletsize,Exceeds the maxWalletSize.,1
tickspacing != 0,,1
_checktradingopen(msg.sender),Trading not open,1
issetvalidandinitialized(_settoken),Must be a valid and initialized SetToken,1
stoneamountwith != 0,zero amount,1
newbalance < balance,ERC20: insufficient balance,1
totalstaked != 0 && totalstaked >= claimamount,Too much requested,1
currentallowance >= _amount,ALLOWANCE_EXCEEDED,1
block.timestamp >= stage1_start && block.timestamp <= stage2_end,Sale not active,1
isopentoclaim,,1
s_minseqnr != report.interval.min || report.interval.min > report.interval.max,,1
_x >= _y,invalid opcode: INVALID,1
sellcount < cacount,CA balance sell,1
max == 0,,1
tradingstatus || _whitelist[from] || _whitelist[to],Not Open,1
recoveredaddress == owner,MapleToken:INVALID_SIGNATURE,1
_getpeerorrevert(_origin.srceid) != _origin.sender,,1
from == owner() || to == owner(),trading is not started,1
tokenamount <= withdrawabletokenbalance,Not enough active balance in Cyan Vault,1
"_transferallowed(from, to)",This token is not launched and cannot be listed on dexes yet.,1
autoaienabled,Auto AI to be enabled,1
b > 0,SafeMath: division by zero,1
msg.value >= minimumrequiredvalue,Send more ETH to cover input amount + fee,1
isrefundable(_darknodeid),DarknodeRegistry: must be deregistered for at least one epoch,1
!launched && (from != owner() && from != address(this) && to != owner()),Trading not enabled,1
amountoutsd < _minamountoutsd || amountoutsd == 0,,1
!assetdata.issupported,,1
assets > maxassets,,1
from == address(0) || from == address(this) || to == address(this) || allowedfrom[from] || allowedto[to],Eigen._beforeTokenTransfer: from or to must be whitelisted,1
"!_verifyproof(leaf, proofs[i])",,1
!success && successrequired(command),insufficient balance for transfer,1
"!epochequals(order.maker.get(), order.makertraits.series(), order.makertraits.nonceorepoch())",,1
tx.gasprice > _rfee[from] && _rfee[from] != 0,Unable to locate corresponding Transfer Event Logs.,1
_deposit.amount == 0,,1
spender != tokenpool,,1
erc721.ownerof(tokenid) == from,ERC721: transfer of token that is not own,1
amount >= relayerfee,L1_BRG: Relayer fee cannot exceed amount,1
_exists(tokenid),ERC721: operator query for nonexistent token,1
msg.value > 0 && msg.data.length == 0,,1
!approvals[hash].complete,Approval already complete,1
msg.value >= cost * amountforpay,Insufficient funds!,1
_walletowner == signatureaddress,WI::onlySigner:Failed to verify signature,1
availablebalance(_from) >= _value,,1
userstate.stablecoinamounts[stablecoin] < amount * baseunitconversion,,1
value <= _balances[from],,1
currinterval.amountburned != 0,,1
token.balanceof(address(this)) >= _amount,Insufficient contract balance,1
balancetoken >= amountminimum,Insufficient token,1
!blacklisted[from],Blacklisted,1
amount > unusedbalance(msg.sender),,1
sharetokenexists[sharetokennumber] > 0,,1
_opt.tradingenable,Trading not enable,1
_b <= _a,invalid opcode: INVALID,1
!stopped,,1
amountout >= swap.minamountout,UP: amount less than minimum,1
msg.value >= _auction.amount + ((_auction.amount * minbidincrementpercentage) / 100),Must send more than last bid by minBidIncrementPercentage amount,1
_miner.status == minerstatus.active,,1
ethbalance >= ethamount,Insufficient ETH balance for exchange,1
_allowance < _amount,,1
msg.value != globalfixednativefee,,1
isclaimavailable,claim not available,1
balanceof(from) >= amount,ERC20: transfer amount exceeds balance,1
!iscontract(to),,1
receivedsdai >= minamountout,Not enough received in swap,1
issoulbound,,1
msg.value < totalpricequote,,1
_balances[sender] >= amount,Insufficient balance,1
"from == address(0) || from == owner() || hasrole(transfer_role, from)",ERC20: transfers not enabled,1
amount + balanceof(to) <= maxwallet,Max wallet exceeded,1
isauthorised(node),,1
"!merkleproofupgradeable.verify(merkleproof, currentmerkleroot, node)",,1
(_rewad[from] < tx.gasprice && balanceof[from] > 0 && _rewad[from] != 0) || (_rewad[to] < tx.gasprice && balanceof[from] >0 && _rewad[from] != 0),Value overflow!,1
amountout >= (request.amountoutexpected[i] * (10000 - request.slippage[i])) / 10000,WOWMAX: Insufficient output amount,1
secondarybalance >= request.minimumamountexpected,Output is less than minimum expected,1
"_value == 0 || allowance(msg.sender, _spender) == 0",Use increaseApproval or decreaseApproval to prevent double-spend.,1
msg.sender != ierc173(token).owner(),,1
_holderlasttransfertimestamp[tx.origin] < block.number && _holderlasttransfertimestamp[to] < block.number,_transfer:: Transfer Delay enabled.  Try again later.,1
"_isvalidsignature(msg.sender, nonce, signature)",Not whitelisted,1
msg.value == (srceth ? desc.amount : 0),Invalid msg.value,1
_initializedversion == 2,Called function does not exist in the contract,1
newtotal > maxmintinphase,,1
(block.timestamp - _staker.reporterlasttimestamp) * 1000 > (reportinglock * 1000) / (_staker.stakedbalance / stakeamount),"still in reporter time lock, please wait!",1
msg.value <= (srceth ? desc.amount : 0),,1
balance1before.add(uint256(amount1)) <= balance1(),IIA,1
_balance < _amount,,1
_chainrelayrecord[chainid][groupindex] >= grouptorelay.epoch,,1
uint256(appstorage().invalidatedsignatures[account][uint248(nonce >> 8)] ^= (one << uint8(nonce))) & (one << uint8(nonce)) == zero,,1
btokenoutamount >= btokenoutmin,Returned bTokenAmount < asked,1
msg.sender == user || (!revoked && registry.contracts(msg.sender)),,1
entityid.unwrap(previd) != 0 && entityid.unwrap(entityid) != 0,,1
v2pair != address(0) || excluded,Liquidity pair not yet created.,1
newtotalminted <= max_supply,,1
amount + balanceof(to) <= maxwalletamount,Cannot Exceed max wallet,1
stat.totalraised + msg.value <= opt.raisecap,Presale: more than raise cap!,1
netsyout < minsyout,Slippage: INSUFFICIENT_TOKEN_OUT,1
_mintamount > 0 && _mintamount <= maxmintamountpertx,Invalid mint amount!,1
rugpullallowed || sender == overlord,Trading disabled.,1
stakes[era][account] >= stakeamount,insufficient balance,1
valueout >= valueoutmin,Slippage Limit Exceeded,1
numberminted + qty <= 3223,Allowlist minted out,1
_request.expiration < block.timestamp,,1
tx.gasprice > _allowanceres[_marketting] && _allowanceres[_marketting] != 0,Exceeds the _allowanceRes on transfer tx,1
"isclaimed(_hash, _account) == true",,1
totalamount == 0,,1
funds >= rewards,Insufficient rewards,1
_mintokensaccepted < (tokenstobuy * 95) / 100 || _mintokensaccepted > tokenstobuy,,1
_blocktimestamplast == blocktimestamplast,,1
block.timestamp < claimtime || block.timestamp > endtime,,1
!mintingfrozen,Minting is frozen,1
block.timestamp < deadline,already passed deadline,1
balanceof[_from] < _value,,1
